{"Copyright":"Industrial Networks","Developer":"Hoang Van Luu","Phone":"(\u002B84) 0909-886-483","Email":"hoangluu.automation@gmail.com","Youtube":"https://www.youtube.com/industrialnetworks","Channels":[{"Id":3,"Name":"CH1","Description":null,"ConnectionType":1,"Manufacturer":3,"Protocol":12,"Adapter":{"PortName":"COM6","BaudRate":115200,"DataBits":7,"Parity":2,"StopBits":2,"Handshake":0,"SendTimeout":1000,"ReceiveTimeout":1000,"WaitingTime":0,"Connected":false,"ErrorMessage":"Lost connection to device."},"Devices":[{"ChannelId":3,"Id":1,"Name":"CP1E","StationNo":0,"Description":null,"BlockSize":60,"ByteOrder":0,"Groups":[{"ChannelId":1,"DeviceId":1,"Id":1,"Name":"SYS","Description":"Systems.","Tags":[{"ChannelId":1,"DeviceId":1,"GroupId":1,"Id":1,"Name":"CpuStatus","Address":"SYS00","Mode":1,"Description":"0: STOP, 1: RUN.","DataType":1,"Resolution":0,"IsScaling":false,"AImin":0,"AImax":0,"RLmin":0,"RLmax":0,"Offset":1},{"ChannelId":1,"DeviceId":1,"GroupId":1,"Id":1,"Name":"OperationMode","Address":"SYS01","Mode":0,"Description":"0: PROGRAM MODE, 2: MONITOR MODE, 4: RUN MODE.","DataType":1,"Resolution":0,"IsScaling":false,"AImin":0,"AImax":0,"RLmin":0,"RLmax":0,"Offset":1}]},{"ChannelId":3,"DeviceId":1,"Id":2,"Name":"DATA","Description":null,"Tags":[{"ChannelId":3,"DeviceId":1,"GroupId":2,"Id":1,"Name":"D0","Address":"D0","Mode":0,"Description":null,"DataType":2,"Resolution":0,"IsScaling":false,"AImin":0,"AImax":0,"RLmin":0,"RLmax":0,"Offset":1},{"ChannelId":3,"DeviceId":1,"GroupId":2,"Id":2,"Name":"DW1","Address":"D1","Mode":0,"Description":null,"DataType":2,"Resolution":0,"IsScaling":false,"AImin":0,"AImax":0,"RLmin":0,"RLmax":0,"Offset":1},{"ChannelId":3,"DeviceId":1,"GroupId":2,"Id":3,"Name":"DW2","Address":"D2","Mode":0,"Description":null,"DataType":2,"Resolution":0,"IsScaling":false,"AImin":0,"AImax":0,"RLmin":0,"RLmax":0,"Offset":1},{"ChannelId":3,"DeviceId":1,"GroupId":2,"Id":4,"Name":"DW3","Address":"D3","Mode":0,"Description":null,"DataType":2,"Resolution":0,"IsScaling":false,"AImin":0,"AImax":0,"RLmin":0,"RLmax":0,"Offset":1},{"ChannelId":3,"DeviceId":1,"GroupId":2,"Id":5,"Name":"DW4","Address":"D4","Mode":0,"Description":null,"DataType":2,"Resolution":0,"IsScaling":false,"AImin":0,"AImax":0,"RLmin":0,"RLmax":0,"Offset":1},{"ChannelId":3,"DeviceId":1,"GroupId":2,"Id":6,"Name":"DW5","Address":"D5","Mode":0,"Description":null,"DataType":2,"Resolution":0,"IsScaling":false,"AImin":0,"AImax":0,"RLmin":0,"RLmax":0,"Offset":1},{"ChannelId":3,"DeviceId":1,"GroupId":2,"Id":7,"Name":"DW6","Address":"D6","Mode":0,"Description":null,"DataType":2,"Resolution":0,"IsScaling":false,"AImin":0,"AImax":0,"RLmin":0,"RLmax":0,"Offset":1},{"ChannelId":3,"DeviceId":1,"GroupId":2,"Id":8,"Name":"DW7","Address":"D7","Mode":0,"Description":null,"DataType":2,"Resolution":0,"IsScaling":false,"AImin":0,"AImax":0,"RLmin":0,"RLmax":0,"Offset":1},{"ChannelId":3,"DeviceId":1,"GroupId":2,"Id":9,"Name":"DW8","Address":"D8","Mode":0,"Description":null,"DataType":2,"Resolution":0,"IsScaling":false,"AImin":0,"AImax":0,"RLmin":0,"RLmax":0,"Offset":1},{"ChannelId":3,"DeviceId":1,"GroupId":2,"Id":10,"Name":"DW9","Address":"D9","Mode":0,"Description":null,"DataType":2,"Resolution":0,"IsScaling":false,"AImin":0,"AImax":0,"RLmin":0,"RLmax":0,"Offset":1},{"ChannelId":3,"DeviceId":1,"GroupId":2,"Id":11,"Name":"DW10","Address":"D10","Mode":0,"Description":null,"DataType":3,"Resolution":0,"IsScaling":false,"AImin":0,"AImax":0,"RLmin":0,"RLmax":0,"Offset":1},{"ChannelId":3,"DeviceId":1,"GroupId":2,"Id":12,"Name":"DW11","Address":"D11","Mode":0,"Description":null,"DataType":3,"Resolution":0,"IsScaling":false,"AImin":0,"AImax":0,"RLmin":0,"RLmax":0,"Offset":1},{"ChannelId":3,"DeviceId":1,"GroupId":2,"Id":13,"Name":"DW12","Address":"D12","Mode":0,"Description":null,"DataType":3,"Resolution":0,"IsScaling":false,"AImin":0,"AImax":0,"RLmin":0,"RLmax":0,"Offset":1},{"ChannelId":3,"DeviceId":1,"GroupId":2,"Id":14,"Name":"DW13","Address":"D13","Mode":0,"Description":null,"DataType":3,"Resolution":0,"IsScaling":false,"AImin":0,"AImax":0,"RLmin":0,"RLmax":0,"Offset":1},{"ChannelId":3,"DeviceId":1,"GroupId":2,"Id":15,"Name":"DW14","Address":"D14","Mode":0,"Description":null,"DataType":3,"Resolution":0,"IsScaling":false,"AImin":0,"AImax":0,"RLmin":0,"RLmax":0,"Offset":1},{"ChannelId":3,"DeviceId":1,"GroupId":2,"Id":16,"Name":"DW15","Address":"D15","Mode":0,"Description":null,"DataType":4,"Resolution":0,"IsScaling":false,"AImin":0,"AImax":0,"RLmin":0,"RLmax":0,"Offset":1},{"ChannelId":3,"DeviceId":1,"GroupId":2,"Id":17,"Name":"DW16","Address":"D16","Mode":0,"Description":null,"DataType":4,"Resolution":0,"IsScaling":false,"AImin":0,"AImax":0,"RLmin":0,"RLmax":0,"Offset":1},{"ChannelId":3,"DeviceId":1,"GroupId":2,"Id":18,"Name":"DW17","Address":"D17","Mode":0,"Description":null,"DataType":4,"Resolution":0,"IsScaling":false,"AImin":0,"AImax":0,"RLmin":0,"RLmax":0,"Offset":1},{"ChannelId":3,"DeviceId":1,"GroupId":2,"Id":19,"Name":"DW18","Address":"D18","Mode":0,"Description":null,"DataType":4,"Resolution":0,"IsScaling":false,"AImin":0,"AImax":0,"RLmin":0,"RLmax":0,"Offset":1},{"ChannelId":3,"DeviceId":1,"GroupId":2,"Id":20,"Name":"DW19","Address":"D19","Mode":0,"Description":null,"DataType":4,"Resolution":0,"IsScaling":false,"AImin":0,"AImax":0,"RLmin":0,"RLmax":0,"Offset":1},{"ChannelId":3,"DeviceId":1,"GroupId":2,"Id":21,"Name":"DW20","Address":"D20","Mode":0,"Description":null,"DataType":5,"Resolution":0,"IsScaling":false,"AImin":0,"AImax":0,"RLmin":0,"RLmax":0,"Offset":1},{"ChannelId":3,"DeviceId":1,"GroupId":2,"Id":22,"Name":"DD22","Address":"D22","Mode":0,"Description":null,"DataType":5,"Resolution":0,"IsScaling":false,"AImin":0,"AImax":0,"RLmin":0,"RLmax":0,"Offset":1},{"ChannelId":3,"DeviceId":1,"GroupId":2,"Id":23,"Name":"DD24","Address":"D24","Mode":0,"Description":null,"DataType":5,"Resolution":0,"IsScaling":false,"AImin":0,"AImax":0,"RLmin":0,"RLmax":0,"Offset":1},{"ChannelId":3,"DeviceId":1,"GroupId":2,"Id":24,"Name":"DD26","Address":"D26","Mode":0,"Description":null,"DataType":5,"Resolution":0,"IsScaling":false,"AImin":0,"AImax":0,"RLmin":0,"RLmax":0,"Offset":1},{"ChannelId":3,"DeviceId":1,"GroupId":2,"Id":25,"Name":"DD28","Address":"D28","Mode":0,"Description":null,"DataType":5,"Resolution":0,"IsScaling":false,"AImin":0,"AImax":0,"RLmin":0,"RLmax":0,"Offset":1},{"ChannelId":3,"DeviceId":1,"GroupId":2,"Id":26,"Name":"DD30","Address":"D30","Mode":0,"Description":null,"DataType":5,"Resolution":0,"IsScaling":false,"AImin":0,"AImax":0,"RLmin":0,"RLmax":0,"Offset":1},{"ChannelId":3,"DeviceId":1,"GroupId":2,"Id":27,"Name":"DD32","Address":"D32","Mode":0,"Description":null,"DataType":5,"Resolution":0,"IsScaling":false,"AImin":0,"AImax":0,"RLmin":0,"RLmax":0,"Offset":1},{"ChannelId":3,"DeviceId":1,"GroupId":2,"Id":28,"Name":"DD34","Address":"D34","Mode":0,"Description":null,"DataType":5,"Resolution":0,"IsScaling":false,"AImin":0,"AImax":0,"RLmin":0,"RLmax":0,"Offset":1},{"ChannelId":3,"DeviceId":1,"GroupId":2,"Id":29,"Name":"DD36","Address":"D36","Mode":0,"Description":null,"DataType":5,"Resolution":0,"IsScaling":false,"AImin":0,"AImax":0,"RLmin":0,"RLmax":0,"Offset":1},{"ChannelId":3,"DeviceId":1,"GroupId":2,"Id":30,"Name":"DD38","Address":"D38","Mode":0,"Description":null,"DataType":5,"Resolution":0,"IsScaling":false,"AImin":0,"AImax":0,"RLmin":0,"RLmax":0,"Offset":1},{"ChannelId":3,"DeviceId":1,"GroupId":2,"Id":31,"Name":"DD40","Address":"D40","Mode":0,"Description":null,"DataType":5,"Resolution":0,"IsScaling":false,"AImin":0,"AImax":0,"RLmin":0,"RLmax":0,"Offset":1},{"ChannelId":3,"DeviceId":1,"GroupId":2,"Id":32,"Name":"DD42","Address":"D42","Mode":0,"Description":null,"DataType":6,"Resolution":0,"IsScaling":false,"AImin":0,"AImax":0,"RLmin":0,"RLmax":0,"Offset":1},{"ChannelId":3,"DeviceId":1,"GroupId":2,"Id":33,"Name":"DD44","Address":"D44","Mode":0,"Description":null,"DataType":6,"Resolution":0,"IsScaling":false,"AImin":0,"AImax":0,"RLmin":0,"RLmax":0,"Offset":1},{"ChannelId":3,"DeviceId":1,"GroupId":2,"Id":34,"Name":"DD46","Address":"D46","Mode":0,"Description":null,"DataType":6,"Resolution":0,"IsScaling":false,"AImin":0,"AImax":0,"RLmin":0,"RLmax":0,"Offset":1},{"ChannelId":3,"DeviceId":1,"GroupId":2,"Id":35,"Name":"DD48","Address":"D48","Mode":0,"Description":null,"DataType":6,"Resolution":0,"IsScaling":false,"AImin":0,"AImax":0,"RLmin":0,"RLmax":0,"Offset":1},{"ChannelId":3,"DeviceId":1,"GroupId":2,"Id":36,"Name":"DD50","Address":"D50","Mode":0,"Description":null,"DataType":6,"Resolution":0,"IsScaling":false,"AImin":0,"AImax":0,"RLmin":0,"RLmax":0,"Offset":1},{"ChannelId":3,"DeviceId":1,"GroupId":2,"Id":37,"Name":"DD52","Address":"D52","Mode":0,"Description":null,"DataType":7,"Resolution":0,"IsScaling":false,"AImin":0,"AImax":0,"RLmin":0,"RLmax":0,"Offset":1},{"ChannelId":3,"DeviceId":1,"GroupId":2,"Id":38,"Name":"DD54","Address":"D54","Mode":0,"Description":null,"DataType":7,"Resolution":0,"IsScaling":false,"AImin":0,"AImax":0,"RLmin":0,"RLmax":0,"Offset":1},{"ChannelId":3,"DeviceId":1,"GroupId":2,"Id":39,"Name":"DD56","Address":"D56","Mode":0,"Description":null,"DataType":7,"Resolution":0,"IsScaling":false,"AImin":0,"AImax":0,"RLmin":0,"RLmax":0,"Offset":1},{"ChannelId":3,"DeviceId":1,"GroupId":2,"Id":40,"Name":"DD58","Address":"D58","Mode":0,"Description":null,"DataType":7,"Resolution":0,"IsScaling":false,"AImin":0,"AImax":0,"RLmin":0,"RLmax":0,"Offset":1},{"ChannelId":3,"DeviceId":1,"GroupId":2,"Id":41,"Name":"DD60","Address":"D60","Mode":0,"Description":null,"DataType":7,"Resolution":0,"IsScaling":false,"AImin":0,"AImax":0,"RLmin":0,"RLmax":0,"Offset":1},{"ChannelId":3,"DeviceId":1,"GroupId":2,"Id":42,"Name":"DD62","Address":"D62","Mode":0,"Description":null,"DataType":7,"Resolution":0,"IsScaling":false,"AImin":0,"AImax":0,"RLmin":0,"RLmax":0,"Offset":1},{"ChannelId":3,"DeviceId":1,"GroupId":2,"Id":43,"Name":"DD64","Address":"D64","Mode":0,"Description":null,"DataType":7,"Resolution":0,"IsScaling":false,"AImin":0,"AImax":0,"RLmin":0,"RLmax":0,"Offset":1},{"ChannelId":3,"DeviceId":1,"GroupId":2,"Id":44,"Name":"DD66","Address":"D66","Mode":0,"Description":null,"DataType":7,"Resolution":0,"IsScaling":false,"AImin":0,"AImax":0,"RLmin":0,"RLmax":0,"Offset":1},{"ChannelId":3,"DeviceId":1,"GroupId":2,"Id":45,"Name":"DD68","Address":"D68","Mode":0,"Description":null,"DataType":8,"Resolution":0,"IsScaling":false,"AImin":0,"AImax":0,"RLmin":0,"RLmax":0,"Offset":1},{"ChannelId":3,"DeviceId":1,"GroupId":2,"Id":46,"Name":"DD70","Address":"D70","Mode":0,"Description":null,"DataType":8,"Resolution":0,"IsScaling":false,"AImin":0,"AImax":0,"RLmin":0,"RLmax":0,"Offset":1},{"ChannelId":3,"DeviceId":1,"GroupId":2,"Id":47,"Name":"DD72","Address":"D72","Mode":0,"Description":null,"DataType":8,"Resolution":0,"IsScaling":false,"AImin":0,"AImax":0,"RLmin":0,"RLmax":0,"Offset":1},{"ChannelId":3,"DeviceId":1,"GroupId":2,"Id":48,"Name":"DD74","Address":"D74","Mode":0,"Description":null,"DataType":8,"Resolution":0,"IsScaling":false,"AImin":0,"AImax":0,"RLmin":0,"RLmax":0,"Offset":1},{"ChannelId":3,"DeviceId":1,"GroupId":2,"Id":49,"Name":"DD76","Address":"D76","Mode":0,"Description":null,"DataType":8,"Resolution":0,"IsScaling":false,"AImin":0,"AImax":0,"RLmin":0,"RLmax":0,"Offset":1},{"ChannelId":3,"DeviceId":1,"GroupId":2,"Id":50,"Name":"DD78","Address":"D78","Mode":0,"Description":null,"DataType":8,"Resolution":0,"IsScaling":false,"AImin":0,"AImax":0,"RLmin":0,"RLmax":0,"Offset":1},{"ChannelId":3,"DeviceId":1,"GroupId":2,"Id":51,"Name":"DD80","Address":"D80","Mode":0,"Description":null,"DataType":8,"Resolution":0,"IsScaling":false,"AImin":0,"AImax":0,"RLmin":0,"RLmax":0,"Offset":1},{"ChannelId":3,"DeviceId":1,"GroupId":2,"Id":52,"Name":"DD82","Address":"D82","Mode":0,"Description":null,"DataType":8,"Resolution":0,"IsScaling":false,"AImin":0,"AImax":0,"RLmin":0,"RLmax":0,"Offset":1},{"ChannelId":3,"DeviceId":1,"GroupId":2,"Id":53,"Name":"DD84","Address":"D84","Mode":0,"Description":null,"DataType":8,"Resolution":0,"IsScaling":false,"AImin":0,"AImax":0,"RLmin":0,"RLmax":0,"Offset":1},{"ChannelId":3,"DeviceId":1,"GroupId":2,"Id":54,"Name":"DD86","Address":"D86","Mode":0,"Description":null,"DataType":8,"Resolution":0,"IsScaling":false,"AImin":0,"AImax":0,"RLmin":0,"RLmax":0,"Offset":1},{"ChannelId":3,"DeviceId":1,"GroupId":2,"Id":55,"Name":"DD88","Address":"D88","Mode":0,"Description":null,"DataType":8,"Resolution":0,"IsScaling":false,"AImin":0,"AImax":0,"RLmin":0,"RLmax":0,"Offset":1},{"ChannelId":3,"DeviceId":1,"GroupId":2,"Id":56,"Name":"DD90","Address":"D90","Mode":0,"Description":null,"DataType":8,"Resolution":0,"IsScaling":false,"AImin":0,"AImax":0,"RLmin":0,"RLmax":0,"Offset":1},{"ChannelId":3,"DeviceId":1,"GroupId":2,"Id":57,"Name":"DD92","Address":"D92","Mode":0,"Description":null,"DataType":8,"Resolution":0,"IsScaling":false,"AImin":0,"AImax":0,"RLmin":0,"RLmax":0,"Offset":1},{"ChannelId":3,"DeviceId":1,"GroupId":2,"Id":58,"Name":"DD94","Address":"D94","Mode":0,"Description":null,"DataType":8,"Resolution":0,"IsScaling":false,"AImin":0,"AImax":0,"RLmin":0,"RLmax":0,"Offset":1},{"ChannelId":3,"DeviceId":1,"GroupId":2,"Id":59,"Name":"DD96","Address":"D96","Mode":0,"Description":null,"DataType":8,"Resolution":0,"IsScaling":false,"AImin":0,"AImax":0,"RLmin":0,"RLmax":0,"Offset":1},{"ChannelId":3,"DeviceId":1,"GroupId":2,"Id":60,"Name":"DD98","Address":"D98","Mode":0,"Description":null,"DataType":8,"Resolution":0,"IsScaling":false,"AImin":0,"AImax":0,"RLmin":0,"RLmax":0,"Offset":1},{"ChannelId":3,"DeviceId":1,"GroupId":2,"Id":61,"Name":"DD100","Address":"D100","Mode":0,"Description":null,"DataType":8,"Resolution":0,"IsScaling":false,"AImin":0,"AImax":0,"RLmin":0,"RLmax":0,"Offset":1},{"ChannelId":3,"DeviceId":1,"GroupId":2,"Id":62,"Name":"DD102","Address":"D102","Mode":0,"Description":null,"DataType":8,"Resolution":0,"IsScaling":false,"AImin":0,"AImax":0,"RLmin":0,"RLmax":0,"Offset":1},{"ChannelId":3,"DeviceId":1,"GroupId":2,"Id":63,"Name":"DD104","Address":"D104","Mode":0,"Description":null,"DataType":8,"Resolution":0,"IsScaling":false,"AImin":0,"AImax":0,"RLmin":0,"RLmax":0,"Offset":1},{"ChannelId":3,"DeviceId":1,"GroupId":2,"Id":64,"Name":"DD106","Address":"D106","Mode":0,"Description":null,"DataType":8,"Resolution":0,"IsScaling":false,"AImin":0,"AImax":0,"RLmin":0,"RLmax":0,"Offset":1},{"ChannelId":3,"DeviceId":1,"GroupId":2,"Id":65,"Name":"DD108","Address":"D108","Mode":0,"Description":null,"DataType":8,"Resolution":0,"IsScaling":false,"AImin":0,"AImax":0,"RLmin":0,"RLmax":0,"Offset":1},{"ChannelId":3,"DeviceId":1,"GroupId":2,"Id":66,"Name":"DD110","Address":"D110","Mode":0,"Description":null,"DataType":8,"Resolution":0,"IsScaling":false,"AImin":0,"AImax":0,"RLmin":0,"RLmax":0,"Offset":1},{"ChannelId":3,"DeviceId":1,"GroupId":2,"Id":67,"Name":"DD112","Address":"D112","Mode":0,"Description":null,"DataType":8,"Resolution":0,"IsScaling":false,"AImin":0,"AImax":0,"RLmin":0,"RLmax":0,"Offset":1},{"ChannelId":3,"DeviceId":1,"GroupId":2,"Id":68,"Name":"DD114","Address":"D114","Mode":0,"Description":null,"DataType":8,"Resolution":0,"IsScaling":false,"AImin":0,"AImax":0,"RLmin":0,"RLmax":0,"Offset":1},{"ChannelId":3,"DeviceId":1,"GroupId":2,"Id":69,"Name":"AW0","Address":"A0","Mode":0,"Description":null,"DataType":5,"Resolution":0,"IsScaling":false,"AImin":0,"AImax":0,"RLmin":0,"RLmax":0,"Offset":1},{"ChannelId":3,"DeviceId":1,"GroupId":2,"Id":70,"Name":"AD2","Address":"A2","Mode":0,"Description":null,"DataType":5,"Resolution":0,"IsScaling":false,"AImin":0,"AImax":0,"RLmin":0,"RLmax":0,"Offset":1},{"ChannelId":3,"DeviceId":1,"GroupId":2,"Id":71,"Name":"AD4","Address":"A4","Mode":0,"Description":null,"DataType":5,"Resolution":0,"IsScaling":false,"AImin":0,"AImax":0,"RLmin":0,"RLmax":0,"Offset":1},{"ChannelId":3,"DeviceId":1,"GroupId":2,"Id":72,"Name":"AD6","Address":"A6","Mode":0,"Description":null,"DataType":5,"Resolution":0,"IsScaling":false,"AImin":0,"AImax":0,"RLmin":0,"RLmax":0,"Offset":1},{"ChannelId":3,"DeviceId":1,"GroupId":2,"Id":73,"Name":"AD8","Address":"A8","Mode":0,"Description":null,"DataType":5,"Resolution":0,"IsScaling":false,"AImin":0,"AImax":0,"RLmin":0,"RLmax":0,"Offset":1},{"ChannelId":3,"DeviceId":1,"GroupId":2,"Id":74,"Name":"AD10","Address":"A10","Mode":0,"Description":null,"DataType":5,"Resolution":0,"IsScaling":false,"AImin":0,"AImax":0,"RLmin":0,"RLmax":0,"Offset":1},{"ChannelId":3,"DeviceId":1,"GroupId":2,"Id":75,"Name":"AD12","Address":"A12","Mode":0,"Description":null,"DataType":5,"Resolution":0,"IsScaling":false,"AImin":0,"AImax":0,"RLmin":0,"RLmax":0,"Offset":1},{"ChannelId":3,"DeviceId":1,"GroupId":2,"Id":76,"Name":"AD14","Address":"A14","Mode":0,"Description":null,"DataType":5,"Resolution":0,"IsScaling":false,"AImin":0,"AImax":0,"RLmin":0,"RLmax":0,"Offset":1},{"ChannelId":3,"DeviceId":1,"GroupId":2,"Id":77,"Name":"AD16","Address":"A16","Mode":0,"Description":null,"DataType":5,"Resolution":0,"IsScaling":false,"AImin":0,"AImax":0,"RLmin":0,"RLmax":0,"Offset":1},{"ChannelId":3,"DeviceId":1,"GroupId":2,"Id":78,"Name":"AD18","Address":"A18","Mode":0,"Description":null,"DataType":5,"Resolution":0,"IsScaling":false,"AImin":0,"AImax":0,"RLmin":0,"RLmax":0,"Offset":1},{"ChannelId":3,"DeviceId":1,"GroupId":2,"Id":79,"Name":"AD20","Address":"A20","Mode":0,"Description":null,"DataType":5,"Resolution":0,"IsScaling":false,"AImin":0,"AImax":0,"RLmin":0,"RLmax":0,"Offset":1},{"ChannelId":3,"DeviceId":1,"GroupId":2,"Id":80,"Name":"AD22","Address":"A22","Mode":0,"Description":null,"DataType":5,"Resolution":0,"IsScaling":false,"AImin":0,"AImax":0,"RLmin":0,"RLmax":0,"Offset":1},{"ChannelId":3,"DeviceId":1,"GroupId":2,"Id":81,"Name":"AD24","Address":"A24","Mode":0,"Description":null,"DataType":5,"Resolution":0,"IsScaling":false,"AImin":0,"AImax":0,"RLmin":0,"RLmax":0,"Offset":1},{"ChannelId":3,"DeviceId":1,"GroupId":2,"Id":82,"Name":"AD26","Address":"A26","Mode":0,"Description":null,"DataType":5,"Resolution":0,"IsScaling":false,"AImin":0,"AImax":0,"RLmin":0,"RLmax":0,"Offset":1},{"ChannelId":3,"DeviceId":1,"GroupId":2,"Id":83,"Name":"AD28","Address":"A28","Mode":0,"Description":null,"DataType":5,"Resolution":0,"IsScaling":false,"AImin":0,"AImax":0,"RLmin":0,"RLmax":0,"Offset":1},{"ChannelId":3,"DeviceId":1,"GroupId":2,"Id":84,"Name":"AD30","Address":"A30","Mode":0,"Description":null,"DataType":5,"Resolution":0,"IsScaling":false,"AImin":0,"AImax":0,"RLmin":0,"RLmax":0,"Offset":1},{"ChannelId":3,"DeviceId":1,"GroupId":2,"Id":85,"Name":"AD32","Address":"A32","Mode":0,"Description":null,"DataType":5,"Resolution":0,"IsScaling":false,"AImin":0,"AImax":0,"RLmin":0,"RLmax":0,"Offset":1},{"ChannelId":3,"DeviceId":1,"GroupId":2,"Id":86,"Name":"AD34","Address":"A34","Mode":0,"Description":null,"DataType":5,"Resolution":0,"IsScaling":false,"AImin":0,"AImax":0,"RLmin":0,"RLmax":0,"Offset":1},{"ChannelId":3,"DeviceId":1,"GroupId":2,"Id":87,"Name":"AD36","Address":"A36","Mode":0,"Description":null,"DataType":5,"Resolution":0,"IsScaling":false,"AImin":0,"AImax":0,"RLmin":0,"RLmax":0,"Offset":1},{"ChannelId":3,"DeviceId":1,"GroupId":2,"Id":88,"Name":"AD38","Address":"A38","Mode":0,"Description":null,"DataType":5,"Resolution":0,"IsScaling":false,"AImin":0,"AImax":0,"RLmin":0,"RLmax":0,"Offset":1},{"ChannelId":3,"DeviceId":1,"GroupId":2,"Id":89,"Name":"AD40","Address":"A40","Mode":0,"Description":null,"DataType":5,"Resolution":0,"IsScaling":false,"AImin":0,"AImax":0,"RLmin":0,"RLmax":0,"Offset":1},{"ChannelId":3,"DeviceId":1,"GroupId":2,"Id":90,"Name":"AD42","Address":"A42","Mode":0,"Description":null,"DataType":5,"Resolution":0,"IsScaling":false,"AImin":0,"AImax":0,"RLmin":0,"RLmax":0,"Offset":1},{"ChannelId":3,"DeviceId":1,"GroupId":2,"Id":91,"Name":"AD44","Address":"A44","Mode":0,"Description":null,"DataType":5,"Resolution":0,"IsScaling":false,"AImin":0,"AImax":0,"RLmin":0,"RLmax":0,"Offset":1},{"ChannelId":3,"DeviceId":1,"GroupId":2,"Id":92,"Name":"AD46","Address":"A46","Mode":0,"Description":null,"DataType":5,"Resolution":0,"IsScaling":false,"AImin":0,"AImax":0,"RLmin":0,"RLmax":0,"Offset":1},{"ChannelId":3,"DeviceId":1,"GroupId":2,"Id":93,"Name":"AD48","Address":"A48","Mode":0,"Description":null,"DataType":5,"Resolution":0,"IsScaling":false,"AImin":0,"AImax":0,"RLmin":0,"RLmax":0,"Offset":1},{"ChannelId":3,"DeviceId":1,"GroupId":2,"Id":94,"Name":"AD50","Address":"A50","Mode":0,"Description":null,"DataType":5,"Resolution":0,"IsScaling":false,"AImin":0,"AImax":0,"RLmin":0,"RLmax":0,"Offset":1},{"ChannelId":3,"DeviceId":1,"GroupId":2,"Id":95,"Name":"AD52","Address":"A52","Mode":0,"Description":null,"DataType":5,"Resolution":0,"IsScaling":false,"AImin":0,"AImax":0,"RLmin":0,"RLmax":0,"Offset":1},{"ChannelId":3,"DeviceId":1,"GroupId":2,"Id":96,"Name":"AD54","Address":"A54","Mode":0,"Description":null,"DataType":5,"Resolution":0,"IsScaling":false,"AImin":0,"AImax":0,"RLmin":0,"RLmax":0,"Offset":1}]},{"ChannelId":3,"DeviceId":1,"Id":3,"Name":"OUT","Description":null,"Tags":[{"ChannelId":3,"DeviceId":1,"GroupId":3,"Id":1,"Name":"Q100.00","Address":"Q100.00","Mode":0,"Description":null,"DataType":0,"Resolution":0,"IsScaling":false,"AImin":0,"AImax":0,"RLmin":0,"RLmax":0,"Offset":1},{"ChannelId":3,"DeviceId":1,"GroupId":3,"Id":2,"Name":"Q100.01","Address":"Q100.01","Mode":0,"Description":null,"DataType":0,"Resolution":0,"IsScaling":false,"AImin":0,"AImax":0,"RLmin":0,"RLmax":0,"Offset":1},{"ChannelId":3,"DeviceId":1,"GroupId":3,"Id":3,"Name":"Q100.02","Address":"Q100.02","Mode":0,"Description":null,"DataType":0,"Resolution":0,"IsScaling":false,"AImin":0,"AImax":0,"RLmin":0,"RLmax":0,"Offset":1},{"ChannelId":3,"DeviceId":1,"GroupId":3,"Id":4,"Name":"Q100.03","Address":"Q100.03","Mode":0,"Description":null,"DataType":0,"Resolution":0,"IsScaling":false,"AImin":0,"AImax":0,"RLmin":0,"RLmax":0,"Offset":1},{"ChannelId":3,"DeviceId":1,"GroupId":3,"Id":5,"Name":"Q100.04","Address":"Q100.04","Mode":0,"Description":null,"DataType":0,"Resolution":0,"IsScaling":false,"AImin":0,"AImax":0,"RLmin":0,"RLmax":0,"Offset":1},{"ChannelId":3,"DeviceId":1,"GroupId":3,"Id":6,"Name":"Q100.05","Address":"Q100.05","Mode":0,"Description":null,"DataType":0,"Resolution":0,"IsScaling":false,"AImin":0,"AImax":0,"RLmin":0,"RLmax":0,"Offset":1},{"ChannelId":3,"DeviceId":1,"GroupId":3,"Id":7,"Name":"Q100.06","Address":"Q100.06","Mode":0,"Description":null,"DataType":0,"Resolution":0,"IsScaling":false,"AImin":0,"AImax":0,"RLmin":0,"RLmax":0,"Offset":1},{"ChannelId":3,"DeviceId":1,"GroupId":3,"Id":8,"Name":"Q100.07","Address":"Q100.07","Mode":0,"Description":null,"DataType":0,"Resolution":0,"IsScaling":false,"AImin":0,"AImax":0,"RLmin":0,"RLmax":0,"Offset":1},{"ChannelId":3,"DeviceId":1,"GroupId":3,"Id":9,"Name":"Q100.08","Address":"Q100.08","Mode":0,"Description":null,"DataType":0,"Resolution":0,"IsScaling":false,"AImin":0,"AImax":0,"RLmin":0,"RLmax":0,"Offset":1},{"ChannelId":3,"DeviceId":1,"GroupId":3,"Id":10,"Name":"Q100.09","Address":"Q100.09","Mode":0,"Description":null,"DataType":0,"Resolution":0,"IsScaling":false,"AImin":0,"AImax":0,"RLmin":0,"RLmax":0,"Offset":1},{"ChannelId":3,"DeviceId":1,"GroupId":3,"Id":11,"Name":"Q100.10","Address":"Q100.10","Mode":0,"Description":null,"DataType":0,"Resolution":0,"IsScaling":false,"AImin":0,"AImax":0,"RLmin":0,"RLmax":0,"Offset":1},{"ChannelId":3,"DeviceId":1,"GroupId":3,"Id":12,"Name":"Q100.11","Address":"Q100.11","Mode":0,"Description":null,"DataType":0,"Resolution":0,"IsScaling":false,"AImin":0,"AImax":0,"RLmin":0,"RLmax":0,"Offset":1},{"ChannelId":3,"DeviceId":1,"GroupId":3,"Id":13,"Name":"Q100.12","Address":"Q100.12","Mode":0,"Description":null,"DataType":0,"Resolution":0,"IsScaling":false,"AImin":0,"AImax":0,"RLmin":0,"RLmax":0,"Offset":1},{"ChannelId":3,"DeviceId":1,"GroupId":3,"Id":14,"Name":"Q100.13","Address":"Q100.13","Mode":0,"Description":null,"DataType":0,"Resolution":0,"IsScaling":false,"AImin":0,"AImax":0,"RLmin":0,"RLmax":0,"Offset":1},{"ChannelId":3,"DeviceId":1,"GroupId":3,"Id":15,"Name":"Q100.14","Address":"Q100.14","Mode":0,"Description":null,"DataType":0,"Resolution":0,"IsScaling":false,"AImin":0,"AImax":0,"RLmin":0,"RLmax":0,"Offset":1},{"ChannelId":3,"DeviceId":1,"GroupId":3,"Id":16,"Name":"Q100.15","Address":"Q100.15","Mode":0,"Description":null,"DataType":0,"Resolution":0,"IsScaling":false,"AImin":0,"AImax":0,"RLmin":0,"RLmax":0,"Offset":1},{"ChannelId":3,"DeviceId":1,"GroupId":3,"Id":17,"Name":"Q101.00","Address":"Q101.00","Mode":0,"Description":null,"DataType":0,"Resolution":0,"IsScaling":false,"AImin":0,"AImax":0,"RLmin":0,"RLmax":0,"Offset":1},{"ChannelId":3,"DeviceId":1,"GroupId":3,"Id":18,"Name":"Q101.01","Address":"Q101.01","Mode":0,"Description":null,"DataType":0,"Resolution":0,"IsScaling":false,"AImin":0,"AImax":0,"RLmin":0,"RLmax":0,"Offset":1},{"ChannelId":3,"DeviceId":1,"GroupId":3,"Id":19,"Name":"Q101.02","Address":"Q101.02","Mode":0,"Description":null,"DataType":0,"Resolution":0,"IsScaling":false,"AImin":0,"AImax":0,"RLmin":0,"RLmax":0,"Offset":1},{"ChannelId":3,"DeviceId":1,"GroupId":3,"Id":20,"Name":"Q101.03","Address":"Q101.03","Mode":0,"Description":null,"DataType":0,"Resolution":0,"IsScaling":false,"AImin":0,"AImax":0,"RLmin":0,"RLmax":0,"Offset":1},{"ChannelId":3,"DeviceId":1,"GroupId":3,"Id":21,"Name":"Q101.04","Address":"Q101.04","Mode":0,"Description":null,"DataType":0,"Resolution":0,"IsScaling":false,"AImin":0,"AImax":0,"RLmin":0,"RLmax":0,"Offset":1},{"ChannelId":3,"DeviceId":1,"GroupId":3,"Id":22,"Name":"Q101.05","Address":"Q101.05","Mode":0,"Description":null,"DataType":0,"Resolution":0,"IsScaling":false,"AImin":0,"AImax":0,"RLmin":0,"RLmax":0,"Offset":1},{"ChannelId":3,"DeviceId":1,"GroupId":3,"Id":23,"Name":"Q101.06","Address":"Q101.06","Mode":0,"Description":null,"DataType":0,"Resolution":0,"IsScaling":false,"AImin":0,"AImax":0,"RLmin":0,"RLmax":0,"Offset":1},{"ChannelId":3,"DeviceId":1,"GroupId":3,"Id":24,"Name":"Q101.07","Address":"Q101.07","Mode":0,"Description":null,"DataType":0,"Resolution":0,"IsScaling":false,"AImin":0,"AImax":0,"RLmin":0,"RLmax":0,"Offset":1},{"ChannelId":3,"DeviceId":1,"GroupId":3,"Id":25,"Name":"Q101.08","Address":"Q101.08","Mode":0,"Description":null,"DataType":0,"Resolution":0,"IsScaling":false,"AImin":0,"AImax":0,"RLmin":0,"RLmax":0,"Offset":1},{"ChannelId":3,"DeviceId":1,"GroupId":3,"Id":26,"Name":"Q101.09","Address":"Q101.09","Mode":0,"Description":null,"DataType":0,"Resolution":0,"IsScaling":false,"AImin":0,"AImax":0,"RLmin":0,"RLmax":0,"Offset":1},{"ChannelId":3,"DeviceId":1,"GroupId":3,"Id":27,"Name":"Q101.10","Address":"Q101.10","Mode":0,"Description":null,"DataType":0,"Resolution":0,"IsScaling":false,"AImin":0,"AImax":0,"RLmin":0,"RLmax":0,"Offset":1},{"ChannelId":3,"DeviceId":1,"GroupId":3,"Id":28,"Name":"Q101.11","Address":"Q101.11","Mode":0,"Description":null,"DataType":0,"Resolution":0,"IsScaling":false,"AImin":0,"AImax":0,"RLmin":0,"RLmax":0,"Offset":1},{"ChannelId":3,"DeviceId":1,"GroupId":3,"Id":29,"Name":"Q101.12","Address":"Q101.12","Mode":0,"Description":null,"DataType":0,"Resolution":0,"IsScaling":false,"AImin":0,"AImax":0,"RLmin":0,"RLmax":0,"Offset":1},{"ChannelId":3,"DeviceId":1,"GroupId":3,"Id":30,"Name":"Q101.13","Address":"Q101.13","Mode":0,"Description":null,"DataType":0,"Resolution":0,"IsScaling":false,"AImin":0,"AImax":0,"RLmin":0,"RLmax":0,"Offset":1},{"ChannelId":3,"DeviceId":1,"GroupId":3,"Id":31,"Name":"Q101.14","Address":"Q101.14","Mode":0,"Description":null,"DataType":0,"Resolution":0,"IsScaling":false,"AImin":0,"AImax":0,"RLmin":0,"RLmax":0,"Offset":1},{"ChannelId":3,"DeviceId":1,"GroupId":3,"Id":32,"Name":"Q101.15","Address":"Q101.15","Mode":0,"Description":null,"DataType":0,"Resolution":0,"IsScaling":false,"AImin":0,"AImax":0,"RLmin":0,"RLmax":0,"Offset":1},{"ChannelId":3,"DeviceId":1,"GroupId":3,"Id":33,"Name":"Q102.00","Address":"Q102.00","Mode":0,"Description":null,"DataType":0,"Resolution":0,"IsScaling":false,"AImin":0,"AImax":0,"RLmin":0,"RLmax":0,"Offset":1},{"ChannelId":3,"DeviceId":1,"GroupId":3,"Id":34,"Name":"Q102.01","Address":"Q102.01","Mode":0,"Description":null,"DataType":0,"Resolution":0,"IsScaling":false,"AImin":0,"AImax":0,"RLmin":0,"RLmax":0,"Offset":1},{"ChannelId":3,"DeviceId":1,"GroupId":3,"Id":35,"Name":"Q102.02","Address":"Q102.02","Mode":0,"Description":null,"DataType":0,"Resolution":0,"IsScaling":false,"AImin":0,"AImax":0,"RLmin":0,"RLmax":0,"Offset":1},{"ChannelId":3,"DeviceId":1,"GroupId":3,"Id":36,"Name":"Q102.03","Address":"Q102.03","Mode":0,"Description":null,"DataType":0,"Resolution":0,"IsScaling":false,"AImin":0,"AImax":0,"RLmin":0,"RLmax":0,"Offset":1},{"ChannelId":3,"DeviceId":1,"GroupId":3,"Id":37,"Name":"Q102.04","Address":"Q102.04","Mode":0,"Description":null,"DataType":0,"Resolution":0,"IsScaling":false,"AImin":0,"AImax":0,"RLmin":0,"RLmax":0,"Offset":1},{"ChannelId":3,"DeviceId":1,"GroupId":3,"Id":38,"Name":"Q102.05","Address":"Q102.05","Mode":0,"Description":null,"DataType":0,"Resolution":0,"IsScaling":false,"AImin":0,"AImax":0,"RLmin":0,"RLmax":0,"Offset":1},{"ChannelId":3,"DeviceId":1,"GroupId":3,"Id":39,"Name":"Q102.06","Address":"Q102.06","Mode":0,"Description":null,"DataType":0,"Resolution":0,"IsScaling":false,"AImin":0,"AImax":0,"RLmin":0,"RLmax":0,"Offset":1},{"ChannelId":3,"DeviceId":1,"GroupId":3,"Id":40,"Name":"Q102.07","Address":"Q102.07","Mode":0,"Description":null,"DataType":0,"Resolution":0,"IsScaling":false,"AImin":0,"AImax":0,"RLmin":0,"RLmax":0,"Offset":1},{"ChannelId":3,"DeviceId":1,"GroupId":3,"Id":41,"Name":"Q102.08","Address":"Q102.08","Mode":0,"Description":null,"DataType":0,"Resolution":0,"IsScaling":false,"AImin":0,"AImax":0,"RLmin":0,"RLmax":0,"Offset":1},{"ChannelId":3,"DeviceId":1,"GroupId":3,"Id":42,"Name":"Q102.09","Address":"Q102.09","Mode":0,"Description":null,"DataType":0,"Resolution":0,"IsScaling":false,"AImin":0,"AImax":0,"RLmin":0,"RLmax":0,"Offset":1},{"ChannelId":3,"DeviceId":1,"GroupId":3,"Id":43,"Name":"Q102.10","Address":"Q102.10","Mode":0,"Description":null,"DataType":0,"Resolution":0,"IsScaling":false,"AImin":0,"AImax":0,"RLmin":0,"RLmax":0,"Offset":1}]}],"Adapter":null,"DeviceType":0,"Active":true,"AutoReconnect":true}]}]}