{"Copyright":"Industrial Networks","Developer":"Hoang Van Luu","Phone":"(\u002B84) 0909-886-483","Email":"hoangluu.automation@gmail.com","Youtube":"https://www.youtube.com/industrialnetworks","Channels":[{"Id":2,"Name":"CH1","Description":null,"ConnectionType":1,"Manufacturer":3,"Protocol":12,"Adapter":{"PortName":"COM7","BaudRate":115200,"DataBits":7,"Parity":2,"StopBits":2,"Handshake":0,"SendTimeout":1000,"ReceiveTimeout":1000,"WaitingTime":0,"Connected":false,"ErrorMessage":"Lost connection to device."},"Devices":[{"ChannelId":2,"Id":1,"Name":"CP1E","StationNo":0,"Description":null,"BlockSize":60,"ByteOrder":0,"Groups":[{"ChannelId":1,"DeviceId":1,"Id":1,"Name":"SYS","Description":"Systems.","Tags":[{"ChannelId":1,"DeviceId":1,"GroupId":1,"Id":1,"Name":"CpuStatus","Address":"SYS00","Mode":1,"Description":"0: STOP, 1: RUN.","DataType":1,"Resolution":0,"IsScaling":false,"AImin":0,"AImax":0,"RLmin":0,"RLmax":0,"Offset":1},{"ChannelId":1,"DeviceId":1,"GroupId":1,"Id":1,"Name":"OperationMode","Address":"SYS01","Mode":0,"Description":"0: PROGRAM MODE, 2: MONITOR MODE, 4: RUN MODE.","DataType":1,"Resolution":0,"IsScaling":false,"AImin":0,"AImax":0,"RLmin":0,"RLmax":0,"Offset":1}]},{"ChannelId":2,"DeviceId":1,"Id":2,"Name":"GP1","Description":null,"Tags":[{"ChannelId":2,"DeviceId":1,"GroupId":2,"Id":1,"Name":"D0","Address":"D0","Mode":0,"Description":null,"DataType":2,"Resolution":0,"IsScaling":false,"AImin":0,"AImax":0,"RLmin":0,"RLmax":0,"Offset":1},{"ChannelId":2,"DeviceId":1,"GroupId":2,"Id":2,"Name":"D1","Address":"D1","Mode":0,"Description":null,"DataType":3,"Resolution":0,"IsScaling":false,"AImin":0,"AImax":0,"RLmin":0,"RLmax":0,"Offset":1},{"ChannelId":2,"DeviceId":1,"GroupId":2,"Id":3,"Name":"D2","Address":"D2","Mode":0,"Description":null,"DataType":3,"Resolution":0,"IsScaling":false,"AImin":0,"AImax":0,"RLmin":0,"RLmax":0,"Offset":1},{"ChannelId":2,"DeviceId":1,"GroupId":2,"Id":4,"Name":"D3","Address":"D3","Mode":0,"Description":null,"DataType":3,"Resolution":0,"IsScaling":false,"AImin":0,"AImax":0,"RLmin":0,"RLmax":0,"Offset":1},{"ChannelId":2,"DeviceId":1,"GroupId":2,"Id":5,"Name":"D4","Address":"D4","Mode":0,"Description":null,"DataType":2,"Resolution":0,"IsScaling":false,"AImin":0,"AImax":0,"RLmin":0,"RLmax":0,"Offset":1},{"ChannelId":2,"DeviceId":1,"GroupId":2,"Id":6,"Name":"D5","Address":"D5","Mode":0,"Description":null,"DataType":2,"Resolution":0,"IsScaling":false,"AImin":0,"AImax":0,"RLmin":0,"RLmax":0,"Offset":1},{"ChannelId":2,"DeviceId":1,"GroupId":2,"Id":7,"Name":"D6","Address":"D6","Mode":0,"Description":null,"DataType":2,"Resolution":0,"IsScaling":false,"AImin":0,"AImax":0,"RLmin":0,"RLmax":0,"Offset":1},{"ChannelId":2,"DeviceId":1,"GroupId":2,"Id":8,"Name":"D7","Address":"D7","Mode":0,"Description":null,"DataType":2,"Resolution":0,"IsScaling":false,"AImin":0,"AImax":0,"RLmin":0,"RLmax":0,"Offset":1},{"ChannelId":2,"DeviceId":1,"GroupId":2,"Id":9,"Name":"D8","Address":"D8","Mode":0,"Description":null,"DataType":2,"Resolution":0,"IsScaling":false,"AImin":0,"AImax":0,"RLmin":0,"RLmax":0,"Offset":1},{"ChannelId":2,"DeviceId":1,"GroupId":2,"Id":10,"Name":"D9","Address":"D9","Mode":0,"Description":null,"DataType":2,"Resolution":0,"IsScaling":false,"AImin":0,"AImax":0,"RLmin":0,"RLmax":0,"Offset":1},{"ChannelId":2,"DeviceId":1,"GroupId":2,"Id":11,"Name":"D10","Address":"D10","Mode":0,"Description":null,"DataType":2,"Resolution":0,"IsScaling":false,"AImin":0,"AImax":0,"RLmin":0,"RLmax":0,"Offset":1},{"ChannelId":2,"DeviceId":1,"GroupId":2,"Id":12,"Name":"D11","Address":"D11","Mode":0,"Description":null,"DataType":2,"Resolution":0,"IsScaling":false,"AImin":0,"AImax":0,"RLmin":0,"RLmax":0,"Offset":1},{"ChannelId":2,"DeviceId":1,"GroupId":2,"Id":13,"Name":"DW12","Address":"D12","Mode":0,"Description":null,"DataType":3,"Resolution":0,"IsScaling":false,"AImin":0,"AImax":0,"RLmin":0,"RLmax":0,"Offset":1},{"ChannelId":2,"DeviceId":1,"GroupId":2,"Id":14,"Name":"DW13","Address":"D13","Mode":0,"Description":null,"DataType":3,"Resolution":0,"IsScaling":false,"AImin":0,"AImax":0,"RLmin":0,"RLmax":0,"Offset":1},{"ChannelId":2,"DeviceId":1,"GroupId":2,"Id":15,"Name":"DW14","Address":"D14","Mode":0,"Description":null,"DataType":3,"Resolution":0,"IsScaling":false,"AImin":0,"AImax":0,"RLmin":0,"RLmax":0,"Offset":1},{"ChannelId":2,"DeviceId":1,"GroupId":2,"Id":16,"Name":"DW15","Address":"D15","Mode":0,"Description":null,"DataType":3,"Resolution":0,"IsScaling":false,"AImin":0,"AImax":0,"RLmin":0,"RLmax":0,"Offset":1},{"ChannelId":2,"DeviceId":1,"GroupId":2,"Id":17,"Name":"DW16","Address":"D16","Mode":0,"Description":null,"DataType":3,"Resolution":0,"IsScaling":false,"AImin":0,"AImax":0,"RLmin":0,"RLmax":0,"Offset":1},{"ChannelId":2,"DeviceId":1,"GroupId":2,"Id":18,"Name":"DW17","Address":"D17","Mode":0,"Description":null,"DataType":3,"Resolution":0,"IsScaling":false,"AImin":0,"AImax":0,"RLmin":0,"RLmax":0,"Offset":1},{"ChannelId":2,"DeviceId":1,"GroupId":2,"Id":19,"Name":"DW18","Address":"D18","Mode":0,"Description":null,"DataType":4,"Resolution":0,"IsScaling":false,"AImin":0,"AImax":0,"RLmin":0,"RLmax":0,"Offset":1},{"ChannelId":2,"DeviceId":1,"GroupId":2,"Id":20,"Name":"DW19","Address":"D19","Mode":0,"Description":null,"DataType":4,"Resolution":0,"IsScaling":false,"AImin":0,"AImax":0,"RLmin":0,"RLmax":0,"Offset":1},{"ChannelId":2,"DeviceId":1,"GroupId":2,"Id":21,"Name":"DW20","Address":"D20","Mode":0,"Description":null,"DataType":4,"Resolution":0,"IsScaling":false,"AImin":0,"AImax":0,"RLmin":0,"RLmax":0,"Offset":1},{"ChannelId":2,"DeviceId":1,"GroupId":2,"Id":22,"Name":"DW21","Address":"D21","Mode":0,"Description":null,"DataType":4,"Resolution":0,"IsScaling":false,"AImin":0,"AImax":0,"RLmin":0,"RLmax":0,"Offset":1},{"ChannelId":2,"DeviceId":1,"GroupId":2,"Id":23,"Name":"DW22","Address":"D22","Mode":0,"Description":null,"DataType":4,"Resolution":0,"IsScaling":false,"AImin":0,"AImax":0,"RLmin":0,"RLmax":0,"Offset":1},{"ChannelId":2,"DeviceId":1,"GroupId":2,"Id":24,"Name":"DW23","Address":"D23","Mode":0,"Description":null,"DataType":4,"Resolution":0,"IsScaling":false,"AImin":0,"AImax":0,"RLmin":0,"RLmax":0,"Offset":1},{"ChannelId":2,"DeviceId":1,"GroupId":2,"Id":25,"Name":"DW24","Address":"D24","Mode":0,"Description":null,"DataType":5,"Resolution":0,"IsScaling":false,"AImin":0,"AImax":0,"RLmin":0,"RLmax":0,"Offset":1},{"ChannelId":2,"DeviceId":1,"GroupId":2,"Id":26,"Name":"DD26","Address":"D26","Mode":0,"Description":null,"DataType":5,"Resolution":0,"IsScaling":false,"AImin":0,"AImax":0,"RLmin":0,"RLmax":0,"Offset":1},{"ChannelId":2,"DeviceId":1,"GroupId":2,"Id":27,"Name":"DD28","Address":"D28","Mode":0,"Description":null,"DataType":5,"Resolution":0,"IsScaling":false,"AImin":0,"AImax":0,"RLmin":0,"RLmax":0,"Offset":1},{"ChannelId":2,"DeviceId":1,"GroupId":2,"Id":28,"Name":"DD30","Address":"D30","Mode":0,"Description":null,"DataType":5,"Resolution":0,"IsScaling":false,"AImin":0,"AImax":0,"RLmin":0,"RLmax":0,"Offset":1},{"ChannelId":2,"DeviceId":1,"GroupId":2,"Id":29,"Name":"DD32","Address":"D32","Mode":0,"Description":null,"DataType":7,"Resolution":0,"IsScaling":false,"AImin":0,"AImax":0,"RLmin":0,"RLmax":0,"Offset":1},{"ChannelId":2,"DeviceId":1,"GroupId":2,"Id":30,"Name":"DD34","Address":"D34","Mode":0,"Description":null,"DataType":7,"Resolution":0,"IsScaling":false,"AImin":0,"AImax":0,"RLmin":0,"RLmax":0,"Offset":1},{"ChannelId":2,"DeviceId":1,"GroupId":2,"Id":31,"Name":"DD36","Address":"D36","Mode":0,"Description":null,"DataType":7,"Resolution":0,"IsScaling":false,"AImin":0,"AImax":0,"RLmin":0,"RLmax":0,"Offset":1},{"ChannelId":2,"DeviceId":1,"GroupId":2,"Id":32,"Name":"DD38","Address":"D38","Mode":0,"Description":null,"DataType":6,"Resolution":0,"IsScaling":false,"AImin":0,"AImax":0,"RLmin":0,"RLmax":0,"Offset":1},{"ChannelId":2,"DeviceId":1,"GroupId":2,"Id":33,"Name":"DD40","Address":"D40","Mode":0,"Description":null,"DataType":6,"Resolution":0,"IsScaling":false,"AImin":0,"AImax":0,"RLmin":0,"RLmax":0,"Offset":1},{"ChannelId":2,"DeviceId":1,"GroupId":2,"Id":34,"Name":"DD42","Address":"D42","Mode":0,"Description":null,"DataType":6,"Resolution":0,"IsScaling":false,"AImin":0,"AImax":0,"RLmin":0,"RLmax":0,"Offset":1},{"ChannelId":2,"DeviceId":1,"GroupId":2,"Id":35,"Name":"DD44","Address":"D44","Mode":0,"Description":null,"DataType":8,"Resolution":0,"IsScaling":false,"AImin":0,"AImax":0,"RLmin":0,"RLmax":0,"Offset":1},{"ChannelId":2,"DeviceId":1,"GroupId":2,"Id":36,"Name":"DD46","Address":"D46","Mode":0,"Description":null,"DataType":8,"Resolution":0,"IsScaling":false,"AImin":0,"AImax":0,"RLmin":0,"RLmax":0,"Offset":1},{"ChannelId":2,"DeviceId":1,"GroupId":2,"Id":37,"Name":"DD48","Address":"D48","Mode":0,"Description":null,"DataType":8,"Resolution":0,"IsScaling":false,"AImin":0,"AImax":0,"RLmin":0,"RLmax":0,"Offset":1},{"ChannelId":2,"DeviceId":1,"GroupId":2,"Id":38,"Name":"DD50","Address":"D50","Mode":0,"Description":null,"DataType":8,"Resolution":0,"IsScaling":false,"AImin":0,"AImax":0,"RLmin":0,"RLmax":0,"Offset":1},{"ChannelId":2,"DeviceId":1,"GroupId":2,"Id":39,"Name":"DD52","Address":"D52","Mode":0,"Description":null,"DataType":8,"Resolution":0,"IsScaling":false,"AImin":0,"AImax":0,"RLmin":0,"RLmax":0,"Offset":1},{"ChannelId":2,"DeviceId":1,"GroupId":2,"Id":40,"Name":"DD54","Address":"D54","Mode":0,"Description":null,"DataType":8,"Resolution":0,"IsScaling":false,"AImin":0,"AImax":0,"RLmin":0,"RLmax":0,"Offset":1},{"ChannelId":2,"DeviceId":1,"GroupId":2,"Id":41,"Name":"DD56","Address":"D56","Mode":0,"Description":null,"DataType":8,"Resolution":0,"IsScaling":false,"AImin":0,"AImax":0,"RLmin":0,"RLmax":0,"Offset":1},{"ChannelId":2,"DeviceId":1,"GroupId":2,"Id":42,"Name":"DD58","Address":"D58","Mode":0,"Description":null,"DataType":8,"Resolution":0,"IsScaling":false,"AImin":0,"AImax":0,"RLmin":0,"RLmax":0,"Offset":1},{"ChannelId":2,"DeviceId":1,"GroupId":2,"Id":43,"Name":"DD60","Address":"D60","Mode":0,"Description":null,"DataType":8,"Resolution":0,"IsScaling":false,"AImin":0,"AImax":0,"RLmin":0,"RLmax":0,"Offset":1},{"ChannelId":2,"DeviceId":1,"GroupId":2,"Id":44,"Name":"DD62","Address":"D62","Mode":0,"Description":null,"DataType":8,"Resolution":0,"IsScaling":false,"AImin":0,"AImax":0,"RLmin":0,"RLmax":0,"Offset":1},{"ChannelId":2,"DeviceId":1,"GroupId":2,"Id":45,"Name":"DD64","Address":"D64","Mode":0,"Description":null,"DataType":8,"Resolution":0,"IsScaling":false,"AImin":0,"AImax":0,"RLmin":0,"RLmax":0,"Offset":1},{"ChannelId":2,"DeviceId":1,"GroupId":2,"Id":46,"Name":"DD66","Address":"D66","Mode":0,"Description":null,"DataType":8,"Resolution":0,"IsScaling":false,"AImin":0,"AImax":0,"RLmin":0,"RLmax":0,"Offset":1},{"ChannelId":2,"DeviceId":1,"GroupId":2,"Id":47,"Name":"DD68","Address":"D68","Mode":0,"Description":null,"DataType":8,"Resolution":0,"IsScaling":false,"AImin":0,"AImax":0,"RLmin":0,"RLmax":0,"Offset":1},{"ChannelId":2,"DeviceId":1,"GroupId":2,"Id":48,"Name":"DD70","Address":"D70","Mode":0,"Description":null,"DataType":8,"Resolution":0,"IsScaling":false,"AImin":0,"AImax":0,"RLmin":0,"RLmax":0,"Offset":1},{"ChannelId":2,"DeviceId":1,"GroupId":2,"Id":49,"Name":"DD72","Address":"D72","Mode":0,"Description":null,"DataType":8,"Resolution":0,"IsScaling":false,"AImin":0,"AImax":0,"RLmin":0,"RLmax":0,"Offset":1},{"ChannelId":2,"DeviceId":1,"GroupId":2,"Id":50,"Name":"DD74","Address":"D74","Mode":0,"Description":null,"DataType":8,"Resolution":0,"IsScaling":false,"AImin":0,"AImax":0,"RLmin":0,"RLmax":0,"Offset":1},{"ChannelId":2,"DeviceId":1,"GroupId":2,"Id":51,"Name":"DD76","Address":"D76","Mode":0,"Description":null,"DataType":8,"Resolution":0,"IsScaling":false,"AImin":0,"AImax":0,"RLmin":0,"RLmax":0,"Offset":1},{"ChannelId":2,"DeviceId":1,"GroupId":2,"Id":52,"Name":"DD78","Address":"D78","Mode":0,"Description":null,"DataType":8,"Resolution":0,"IsScaling":false,"AImin":0,"AImax":0,"RLmin":0,"RLmax":0,"Offset":1},{"ChannelId":2,"DeviceId":1,"GroupId":2,"Id":53,"Name":"DD80","Address":"D80","Mode":0,"Description":null,"DataType":8,"Resolution":0,"IsScaling":false,"AImin":0,"AImax":0,"RLmin":0,"RLmax":0,"Offset":1},{"ChannelId":2,"DeviceId":1,"GroupId":2,"Id":54,"Name":"DD82","Address":"D82","Mode":0,"Description":null,"DataType":8,"Resolution":0,"IsScaling":false,"AImin":0,"AImax":0,"RLmin":0,"RLmax":0,"Offset":1},{"ChannelId":2,"DeviceId":1,"GroupId":2,"Id":55,"Name":"DD84","Address":"D84","Mode":0,"Description":null,"DataType":8,"Resolution":0,"IsScaling":false,"AImin":0,"AImax":0,"RLmin":0,"RLmax":0,"Offset":1},{"ChannelId":2,"DeviceId":1,"GroupId":2,"Id":56,"Name":"DD86","Address":"D86","Mode":0,"Description":null,"DataType":8,"Resolution":0,"IsScaling":false,"AImin":0,"AImax":0,"RLmin":0,"RLmax":0,"Offset":1},{"ChannelId":2,"DeviceId":1,"GroupId":2,"Id":57,"Name":"DD88","Address":"D88","Mode":0,"Description":null,"DataType":8,"Resolution":0,"IsScaling":false,"AImin":0,"AImax":0,"RLmin":0,"RLmax":0,"Offset":1},{"ChannelId":2,"DeviceId":1,"GroupId":2,"Id":58,"Name":"DD90","Address":"D90","Mode":0,"Description":null,"DataType":8,"Resolution":0,"IsScaling":false,"AImin":0,"AImax":0,"RLmin":0,"RLmax":0,"Offset":1},{"ChannelId":2,"DeviceId":1,"GroupId":2,"Id":59,"Name":"DD92","Address":"D92","Mode":0,"Description":null,"DataType":8,"Resolution":0,"IsScaling":false,"AImin":0,"AImax":0,"RLmin":0,"RLmax":0,"Offset":1},{"ChannelId":2,"DeviceId":1,"GroupId":2,"Id":60,"Name":"DD94","Address":"D94","Mode":0,"Description":null,"DataType":8,"Resolution":0,"IsScaling":false,"AImin":0,"AImax":0,"RLmin":0,"RLmax":0,"Offset":1},{"ChannelId":2,"DeviceId":1,"GroupId":2,"Id":61,"Name":"DD96","Address":"D96","Mode":0,"Description":null,"DataType":8,"Resolution":0,"IsScaling":false,"AImin":0,"AImax":0,"RLmin":0,"RLmax":0,"Offset":1},{"ChannelId":2,"DeviceId":1,"GroupId":2,"Id":62,"Name":"DD98","Address":"D98","Mode":0,"Description":null,"DataType":8,"Resolution":0,"IsScaling":false,"AImin":0,"AImax":0,"RLmin":0,"RLmax":0,"Offset":1},{"ChannelId":2,"DeviceId":1,"GroupId":2,"Id":63,"Name":"DD100","Address":"D100","Mode":0,"Description":null,"DataType":8,"Resolution":0,"IsScaling":false,"AImin":0,"AImax":0,"RLmin":0,"RLmax":0,"Offset":1},{"ChannelId":2,"DeviceId":1,"GroupId":2,"Id":64,"Name":"DD102","Address":"D102","Mode":0,"Description":null,"DataType":8,"Resolution":0,"IsScaling":false,"AImin":0,"AImax":0,"RLmin":0,"RLmax":0,"Offset":1},{"ChannelId":2,"DeviceId":1,"GroupId":2,"Id":65,"Name":"DD104","Address":"D104","Mode":0,"Description":null,"DataType":8,"Resolution":0,"IsScaling":false,"AImin":0,"AImax":0,"RLmin":0,"RLmax":0,"Offset":1},{"ChannelId":2,"DeviceId":1,"GroupId":2,"Id":66,"Name":"DD106","Address":"D106","Mode":0,"Description":null,"DataType":8,"Resolution":0,"IsScaling":false,"AImin":0,"AImax":0,"RLmin":0,"RLmax":0,"Offset":1},{"ChannelId":2,"DeviceId":1,"GroupId":2,"Id":67,"Name":"DD108","Address":"D108","Mode":0,"Description":null,"DataType":8,"Resolution":0,"IsScaling":false,"AImin":0,"AImax":0,"RLmin":0,"RLmax":0,"Offset":1},{"ChannelId":2,"DeviceId":1,"GroupId":2,"Id":68,"Name":"DD110","Address":"D110","Mode":0,"Description":null,"DataType":8,"Resolution":0,"IsScaling":false,"AImin":0,"AImax":0,"RLmin":0,"RLmax":0,"Offset":1},{"ChannelId":2,"DeviceId":1,"GroupId":2,"Id":69,"Name":"DD112","Address":"D112","Mode":0,"Description":null,"DataType":8,"Resolution":0,"IsScaling":false,"AImin":0,"AImax":0,"RLmin":0,"RLmax":0,"Offset":1},{"ChannelId":2,"DeviceId":1,"GroupId":2,"Id":70,"Name":"DD114","Address":"D114","Mode":0,"Description":null,"DataType":8,"Resolution":0,"IsScaling":false,"AImin":0,"AImax":0,"RLmin":0,"RLmax":0,"Offset":1},{"ChannelId":2,"DeviceId":1,"GroupId":2,"Id":71,"Name":"DD116","Address":"D116","Mode":0,"Description":null,"DataType":8,"Resolution":0,"IsScaling":false,"AImin":0,"AImax":0,"RLmin":0,"RLmax":0,"Offset":1},{"ChannelId":2,"DeviceId":1,"GroupId":2,"Id":72,"Name":"DD118","Address":"D118","Mode":0,"Description":null,"DataType":8,"Resolution":0,"IsScaling":false,"AImin":0,"AImax":0,"RLmin":0,"RLmax":0,"Offset":1},{"ChannelId":2,"DeviceId":1,"GroupId":2,"Id":73,"Name":"DD120","Address":"D120","Mode":0,"Description":null,"DataType":8,"Resolution":0,"IsScaling":false,"AImin":0,"AImax":0,"RLmin":0,"RLmax":0,"Offset":1},{"ChannelId":2,"DeviceId":1,"GroupId":2,"Id":74,"Name":"DD122","Address":"D122","Mode":0,"Description":null,"DataType":8,"Resolution":0,"IsScaling":false,"AImin":0,"AImax":0,"RLmin":0,"RLmax":0,"Offset":1},{"ChannelId":2,"DeviceId":1,"GroupId":2,"Id":75,"Name":"DD124","Address":"D124","Mode":0,"Description":null,"DataType":8,"Resolution":0,"IsScaling":false,"AImin":0,"AImax":0,"RLmin":0,"RLmax":0,"Offset":1},{"ChannelId":2,"DeviceId":1,"GroupId":2,"Id":76,"Name":"DD126","Address":"D126","Mode":0,"Description":null,"DataType":8,"Resolution":0,"IsScaling":false,"AImin":0,"AImax":0,"RLmin":0,"RLmax":0,"Offset":1},{"ChannelId":2,"DeviceId":1,"GroupId":2,"Id":77,"Name":"DD128","Address":"D128","Mode":0,"Description":null,"DataType":8,"Resolution":0,"IsScaling":false,"AImin":0,"AImax":0,"RLmin":0,"RLmax":0,"Offset":1},{"ChannelId":2,"DeviceId":1,"GroupId":2,"Id":78,"Name":"DD130","Address":"D130","Mode":0,"Description":null,"DataType":8,"Resolution":0,"IsScaling":false,"AImin":0,"AImax":0,"RLmin":0,"RLmax":0,"Offset":1},{"ChannelId":2,"DeviceId":1,"GroupId":2,"Id":79,"Name":"DD132","Address":"D132","Mode":0,"Description":null,"DataType":8,"Resolution":0,"IsScaling":false,"AImin":0,"AImax":0,"RLmin":0,"RLmax":0,"Offset":1},{"ChannelId":2,"DeviceId":1,"GroupId":2,"Id":80,"Name":"DD134","Address":"D134","Mode":0,"Description":null,"DataType":8,"Resolution":0,"IsScaling":false,"AImin":0,"AImax":0,"RLmin":0,"RLmax":0,"Offset":1},{"ChannelId":2,"DeviceId":1,"GroupId":2,"Id":81,"Name":"DD136","Address":"D136","Mode":0,"Description":null,"DataType":8,"Resolution":0,"IsScaling":false,"AImin":0,"AImax":0,"RLmin":0,"RLmax":0,"Offset":1},{"ChannelId":2,"DeviceId":1,"GroupId":2,"Id":82,"Name":"DD138","Address":"D138","Mode":0,"Description":null,"DataType":8,"Resolution":0,"IsScaling":false,"AImin":0,"AImax":0,"RLmin":0,"RLmax":0,"Offset":1},{"ChannelId":2,"DeviceId":1,"GroupId":2,"Id":83,"Name":"DD140","Address":"D140","Mode":0,"Description":null,"DataType":8,"Resolution":0,"IsScaling":false,"AImin":0,"AImax":0,"RLmin":0,"RLmax":0,"Offset":1},{"ChannelId":2,"DeviceId":1,"GroupId":2,"Id":84,"Name":"DD142","Address":"D142","Mode":0,"Description":null,"DataType":8,"Resolution":0,"IsScaling":false,"AImin":0,"AImax":0,"RLmin":0,"RLmax":0,"Offset":1},{"ChannelId":2,"DeviceId":1,"GroupId":2,"Id":85,"Name":"DD144","Address":"D144","Mode":0,"Description":null,"DataType":8,"Resolution":0,"IsScaling":false,"AImin":0,"AImax":0,"RLmin":0,"RLmax":0,"Offset":1},{"ChannelId":2,"DeviceId":1,"GroupId":2,"Id":86,"Name":"DD146","Address":"D146","Mode":0,"Description":null,"DataType":8,"Resolution":0,"IsScaling":false,"AImin":0,"AImax":0,"RLmin":0,"RLmax":0,"Offset":1},{"ChannelId":2,"DeviceId":1,"GroupId":2,"Id":87,"Name":"DD148","Address":"D148","Mode":0,"Description":null,"DataType":8,"Resolution":0,"IsScaling":false,"AImin":0,"AImax":0,"RLmin":0,"RLmax":0,"Offset":1},{"ChannelId":2,"DeviceId":1,"GroupId":2,"Id":88,"Name":"DD150","Address":"D150","Mode":0,"Description":null,"DataType":8,"Resolution":0,"IsScaling":false,"AImin":0,"AImax":0,"RLmin":0,"RLmax":0,"Offset":1},{"ChannelId":2,"DeviceId":1,"GroupId":2,"Id":89,"Name":"DD152","Address":"D152","Mode":0,"Description":null,"DataType":8,"Resolution":0,"IsScaling":false,"AImin":0,"AImax":0,"RLmin":0,"RLmax":0,"Offset":1},{"ChannelId":2,"DeviceId":1,"GroupId":2,"Id":90,"Name":"DD154","Address":"D154","Mode":0,"Description":null,"DataType":8,"Resolution":0,"IsScaling":false,"AImin":0,"AImax":0,"RLmin":0,"RLmax":0,"Offset":1},{"ChannelId":2,"DeviceId":1,"GroupId":2,"Id":91,"Name":"DD156","Address":"D156","Mode":0,"Description":null,"DataType":8,"Resolution":0,"IsScaling":false,"AImin":0,"AImax":0,"RLmin":0,"RLmax":0,"Offset":1},{"ChannelId":2,"DeviceId":1,"GroupId":2,"Id":92,"Name":"DD158","Address":"D158","Mode":0,"Description":null,"DataType":8,"Resolution":0,"IsScaling":false,"AImin":0,"AImax":0,"RLmin":0,"RLmax":0,"Offset":1},{"ChannelId":2,"DeviceId":1,"GroupId":2,"Id":93,"Name":"DD160","Address":"D160","Mode":0,"Description":null,"DataType":8,"Resolution":0,"IsScaling":false,"AImin":0,"AImax":0,"RLmin":0,"RLmax":0,"Offset":1},{"ChannelId":2,"DeviceId":1,"GroupId":2,"Id":94,"Name":"DD162","Address":"D162","Mode":0,"Description":null,"DataType":8,"Resolution":0,"IsScaling":false,"AImin":0,"AImax":0,"RLmin":0,"RLmax":0,"Offset":1},{"ChannelId":2,"DeviceId":1,"GroupId":2,"Id":95,"Name":"DD164","Address":"D164","Mode":0,"Description":null,"DataType":8,"Resolution":0,"IsScaling":false,"AImin":0,"AImax":0,"RLmin":0,"RLmax":0,"Offset":1},{"ChannelId":2,"DeviceId":1,"GroupId":2,"Id":96,"Name":"DD166","Address":"D166","Mode":0,"Description":null,"DataType":8,"Resolution":0,"IsScaling":false,"AImin":0,"AImax":0,"RLmin":0,"RLmax":0,"Offset":1},{"ChannelId":2,"DeviceId":1,"GroupId":2,"Id":97,"Name":"DD168","Address":"D168","Mode":0,"Description":null,"DataType":8,"Resolution":0,"IsScaling":false,"AImin":0,"AImax":0,"RLmin":0,"RLmax":0,"Offset":1},{"ChannelId":2,"DeviceId":1,"GroupId":2,"Id":98,"Name":"DD170","Address":"D170","Mode":0,"Description":null,"DataType":8,"Resolution":0,"IsScaling":false,"AImin":0,"AImax":0,"RLmin":0,"RLmax":0,"Offset":1},{"ChannelId":2,"DeviceId":1,"GroupId":2,"Id":99,"Name":"DD172","Address":"D172","Mode":0,"Description":null,"DataType":8,"Resolution":0,"IsScaling":false,"AImin":0,"AImax":0,"RLmin":0,"RLmax":0,"Offset":1},{"ChannelId":2,"DeviceId":1,"GroupId":2,"Id":100,"Name":"DD174","Address":"D174","Mode":0,"Description":null,"DataType":8,"Resolution":0,"IsScaling":false,"AImin":0,"AImax":0,"RLmin":0,"RLmax":0,"Offset":1},{"ChannelId":2,"DeviceId":1,"GroupId":2,"Id":101,"Name":"DD176","Address":"D176","Mode":0,"Description":null,"DataType":8,"Resolution":0,"IsScaling":false,"AImin":0,"AImax":0,"RLmin":0,"RLmax":0,"Offset":1},{"ChannelId":2,"DeviceId":1,"GroupId":2,"Id":102,"Name":"DD178","Address":"D178","Mode":0,"Description":null,"DataType":8,"Resolution":0,"IsScaling":false,"AImin":0,"AImax":0,"RLmin":0,"RLmax":0,"Offset":1},{"ChannelId":2,"DeviceId":1,"GroupId":2,"Id":103,"Name":"DD180","Address":"D180","Mode":0,"Description":null,"DataType":8,"Resolution":0,"IsScaling":false,"AImin":0,"AImax":0,"RLmin":0,"RLmax":0,"Offset":1},{"ChannelId":2,"DeviceId":1,"GroupId":2,"Id":104,"Name":"DD182","Address":"D182","Mode":0,"Description":null,"DataType":8,"Resolution":0,"IsScaling":false,"AImin":0,"AImax":0,"RLmin":0,"RLmax":0,"Offset":1},{"ChannelId":2,"DeviceId":1,"GroupId":2,"Id":105,"Name":"DD184","Address":"D184","Mode":0,"Description":null,"DataType":8,"Resolution":0,"IsScaling":false,"AImin":0,"AImax":0,"RLmin":0,"RLmax":0,"Offset":1},{"ChannelId":2,"DeviceId":1,"GroupId":2,"Id":106,"Name":"DD186","Address":"D186","Mode":0,"Description":null,"DataType":8,"Resolution":0,"IsScaling":false,"AImin":0,"AImax":0,"RLmin":0,"RLmax":0,"Offset":1},{"ChannelId":2,"DeviceId":1,"GroupId":2,"Id":107,"Name":"DD188","Address":"D188","Mode":0,"Description":null,"DataType":8,"Resolution":0,"IsScaling":false,"AImin":0,"AImax":0,"RLmin":0,"RLmax":0,"Offset":1},{"ChannelId":2,"DeviceId":1,"GroupId":2,"Id":108,"Name":"DD190","Address":"D190","Mode":0,"Description":null,"DataType":8,"Resolution":0,"IsScaling":false,"AImin":0,"AImax":0,"RLmin":0,"RLmax":0,"Offset":1},{"ChannelId":2,"DeviceId":1,"GroupId":2,"Id":109,"Name":"DD192","Address":"D192","Mode":0,"Description":null,"DataType":8,"Resolution":0,"IsScaling":false,"AImin":0,"AImax":0,"RLmin":0,"RLmax":0,"Offset":1},{"ChannelId":2,"DeviceId":1,"GroupId":2,"Id":110,"Name":"DD194","Address":"D194","Mode":0,"Description":null,"DataType":8,"Resolution":0,"IsScaling":false,"AImin":0,"AImax":0,"RLmin":0,"RLmax":0,"Offset":1},{"ChannelId":2,"DeviceId":1,"GroupId":2,"Id":111,"Name":"DD196","Address":"D196","Mode":0,"Description":null,"DataType":8,"Resolution":0,"IsScaling":false,"AImin":0,"AImax":0,"RLmin":0,"RLmax":0,"Offset":1},{"ChannelId":2,"DeviceId":1,"GroupId":2,"Id":112,"Name":"DD198","Address":"D198","Mode":0,"Description":null,"DataType":8,"Resolution":0,"IsScaling":false,"AImin":0,"AImax":0,"RLmin":0,"RLmax":0,"Offset":1},{"ChannelId":2,"DeviceId":1,"GroupId":2,"Id":113,"Name":"DD200","Address":"D200","Mode":0,"Description":null,"DataType":8,"Resolution":0,"IsScaling":false,"AImin":0,"AImax":0,"RLmin":0,"RLmax":0,"Offset":1},{"ChannelId":2,"DeviceId":1,"GroupId":2,"Id":114,"Name":"DD202","Address":"D202","Mode":0,"Description":null,"DataType":8,"Resolution":0,"IsScaling":false,"AImin":0,"AImax":0,"RLmin":0,"RLmax":0,"Offset":1},{"ChannelId":2,"DeviceId":1,"GroupId":2,"Id":115,"Name":"DD204","Address":"D204","Mode":0,"Description":null,"DataType":8,"Resolution":0,"IsScaling":false,"AImin":0,"AImax":0,"RLmin":0,"RLmax":0,"Offset":1},{"ChannelId":2,"DeviceId":1,"GroupId":2,"Id":116,"Name":"DD206","Address":"D206","Mode":0,"Description":null,"DataType":8,"Resolution":0,"IsScaling":false,"AImin":0,"AImax":0,"RLmin":0,"RLmax":0,"Offset":1},{"ChannelId":2,"DeviceId":1,"GroupId":2,"Id":117,"Name":"DD208","Address":"D208","Mode":0,"Description":null,"DataType":8,"Resolution":0,"IsScaling":false,"AImin":0,"AImax":0,"RLmin":0,"RLmax":0,"Offset":1},{"ChannelId":2,"DeviceId":1,"GroupId":2,"Id":118,"Name":"DD210","Address":"D210","Mode":0,"Description":null,"DataType":8,"Resolution":0,"IsScaling":false,"AImin":0,"AImax":0,"RLmin":0,"RLmax":0,"Offset":1},{"ChannelId":2,"DeviceId":1,"GroupId":2,"Id":119,"Name":"DD212","Address":"D212","Mode":0,"Description":null,"DataType":8,"Resolution":0,"IsScaling":false,"AImin":0,"AImax":0,"RLmin":0,"RLmax":0,"Offset":1},{"ChannelId":2,"DeviceId":1,"GroupId":2,"Id":120,"Name":"DD214","Address":"D214","Mode":0,"Description":null,"DataType":8,"Resolution":0,"IsScaling":false,"AImin":0,"AImax":0,"RLmin":0,"RLmax":0,"Offset":1},{"ChannelId":2,"DeviceId":1,"GroupId":2,"Id":121,"Name":"DD216","Address":"D216","Mode":0,"Description":null,"DataType":8,"Resolution":0,"IsScaling":false,"AImin":0,"AImax":0,"RLmin":0,"RLmax":0,"Offset":1},{"ChannelId":2,"DeviceId":1,"GroupId":2,"Id":122,"Name":"DD218","Address":"D218","Mode":0,"Description":null,"DataType":8,"Resolution":0,"IsScaling":false,"AImin":0,"AImax":0,"RLmin":0,"RLmax":0,"Offset":1},{"ChannelId":2,"DeviceId":1,"GroupId":2,"Id":123,"Name":"DD220","Address":"D220","Mode":0,"Description":null,"DataType":8,"Resolution":0,"IsScaling":false,"AImin":0,"AImax":0,"RLmin":0,"RLmax":0,"Offset":1},{"ChannelId":2,"DeviceId":1,"GroupId":2,"Id":124,"Name":"DD222","Address":"D222","Mode":0,"Description":null,"DataType":8,"Resolution":0,"IsScaling":false,"AImin":0,"AImax":0,"RLmin":0,"RLmax":0,"Offset":1},{"ChannelId":2,"DeviceId":1,"GroupId":2,"Id":125,"Name":"DD224","Address":"D224","Mode":0,"Description":null,"DataType":8,"Resolution":0,"IsScaling":false,"AImin":0,"AImax":0,"RLmin":0,"RLmax":0,"Offset":1},{"ChannelId":2,"DeviceId":1,"GroupId":2,"Id":126,"Name":"DD226","Address":"D226","Mode":0,"Description":null,"DataType":8,"Resolution":0,"IsScaling":false,"AImin":0,"AImax":0,"RLmin":0,"RLmax":0,"Offset":1},{"ChannelId":2,"DeviceId":1,"GroupId":2,"Id":127,"Name":"DD228","Address":"D228","Mode":0,"Description":null,"DataType":8,"Resolution":0,"IsScaling":false,"AImin":0,"AImax":0,"RLmin":0,"RLmax":0,"Offset":1},{"ChannelId":2,"DeviceId":1,"GroupId":2,"Id":128,"Name":"DD230","Address":"D230","Mode":0,"Description":null,"DataType":8,"Resolution":0,"IsScaling":false,"AImin":0,"AImax":0,"RLmin":0,"RLmax":0,"Offset":1},{"ChannelId":2,"DeviceId":1,"GroupId":2,"Id":129,"Name":"DD232","Address":"D232","Mode":0,"Description":null,"DataType":8,"Resolution":0,"IsScaling":false,"AImin":0,"AImax":0,"RLmin":0,"RLmax":0,"Offset":1},{"ChannelId":2,"DeviceId":1,"GroupId":2,"Id":130,"Name":"DD234","Address":"D234","Mode":0,"Description":null,"DataType":8,"Resolution":0,"IsScaling":false,"AImin":0,"AImax":0,"RLmin":0,"RLmax":0,"Offset":1},{"ChannelId":2,"DeviceId":1,"GroupId":2,"Id":131,"Name":"DD236","Address":"D236","Mode":0,"Description":null,"DataType":8,"Resolution":0,"IsScaling":false,"AImin":0,"AImax":0,"RLmin":0,"RLmax":0,"Offset":1},{"ChannelId":2,"DeviceId":1,"GroupId":2,"Id":132,"Name":"DD238","Address":"D238","Mode":0,"Description":null,"DataType":8,"Resolution":0,"IsScaling":false,"AImin":0,"AImax":0,"RLmin":0,"RLmax":0,"Offset":1},{"ChannelId":2,"DeviceId":1,"GroupId":2,"Id":133,"Name":"DD240","Address":"D240","Mode":0,"Description":null,"DataType":8,"Resolution":0,"IsScaling":false,"AImin":0,"AImax":0,"RLmin":0,"RLmax":0,"Offset":1},{"ChannelId":2,"DeviceId":1,"GroupId":2,"Id":134,"Name":"DD242","Address":"D242","Mode":0,"Description":null,"DataType":8,"Resolution":0,"IsScaling":false,"AImin":0,"AImax":0,"RLmin":0,"RLmax":0,"Offset":1},{"ChannelId":2,"DeviceId":1,"GroupId":2,"Id":135,"Name":"DD244","Address":"D244","Mode":0,"Description":null,"DataType":8,"Resolution":0,"IsScaling":false,"AImin":0,"AImax":0,"RLmin":0,"RLmax":0,"Offset":1},{"ChannelId":2,"DeviceId":1,"GroupId":2,"Id":136,"Name":"DD246","Address":"D246","Mode":0,"Description":null,"DataType":8,"Resolution":0,"IsScaling":false,"AImin":0,"AImax":0,"RLmin":0,"RLmax":0,"Offset":1},{"ChannelId":2,"DeviceId":1,"GroupId":2,"Id":137,"Name":"DD248","Address":"D248","Mode":0,"Description":null,"DataType":8,"Resolution":0,"IsScaling":false,"AImin":0,"AImax":0,"RLmin":0,"RLmax":0,"Offset":1},{"ChannelId":2,"DeviceId":1,"GroupId":2,"Id":138,"Name":"DD250","Address":"D250","Mode":0,"Description":null,"DataType":8,"Resolution":0,"IsScaling":false,"AImin":0,"AImax":0,"RLmin":0,"RLmax":0,"Offset":1},{"ChannelId":2,"DeviceId":1,"GroupId":2,"Id":139,"Name":"DD252","Address":"D252","Mode":0,"Description":null,"DataType":8,"Resolution":0,"IsScaling":false,"AImin":0,"AImax":0,"RLmin":0,"RLmax":0,"Offset":1},{"ChannelId":2,"DeviceId":1,"GroupId":2,"Id":140,"Name":"DD254","Address":"D254","Mode":0,"Description":null,"DataType":8,"Resolution":0,"IsScaling":false,"AImin":0,"AImax":0,"RLmin":0,"RLmax":0,"Offset":1},{"ChannelId":2,"DeviceId":1,"GroupId":2,"Id":141,"Name":"DD256","Address":"D256","Mode":0,"Description":null,"DataType":8,"Resolution":0,"IsScaling":false,"AImin":0,"AImax":0,"RLmin":0,"RLmax":0,"Offset":1},{"ChannelId":2,"DeviceId":1,"GroupId":2,"Id":142,"Name":"DD258","Address":"D258","Mode":0,"Description":null,"DataType":8,"Resolution":0,"IsScaling":false,"AImin":0,"AImax":0,"RLmin":0,"RLmax":0,"Offset":1},{"ChannelId":2,"DeviceId":1,"GroupId":2,"Id":143,"Name":"DD260","Address":"D260","Mode":0,"Description":null,"DataType":8,"Resolution":0,"IsScaling":false,"AImin":0,"AImax":0,"RLmin":0,"RLmax":0,"Offset":1},{"ChannelId":2,"DeviceId":1,"GroupId":2,"Id":144,"Name":"DD262","Address":"D262","Mode":0,"Description":null,"DataType":8,"Resolution":0,"IsScaling":false,"AImin":0,"AImax":0,"RLmin":0,"RLmax":0,"Offset":1},{"ChannelId":2,"DeviceId":1,"GroupId":2,"Id":145,"Name":"DD264","Address":"D264","Mode":0,"Description":null,"DataType":8,"Resolution":0,"IsScaling":false,"AImin":0,"AImax":0,"RLmin":0,"RLmax":0,"Offset":1},{"ChannelId":2,"DeviceId":1,"GroupId":2,"Id":146,"Name":"DD266","Address":"D266","Mode":0,"Description":null,"DataType":8,"Resolution":0,"IsScaling":false,"AImin":0,"AImax":0,"RLmin":0,"RLmax":0,"Offset":1},{"ChannelId":2,"DeviceId":1,"GroupId":2,"Id":147,"Name":"DD268","Address":"D268","Mode":0,"Description":null,"DataType":8,"Resolution":0,"IsScaling":false,"AImin":0,"AImax":0,"RLmin":0,"RLmax":0,"Offset":1},{"ChannelId":2,"DeviceId":1,"GroupId":2,"Id":148,"Name":"DD270","Address":"D270","Mode":0,"Description":null,"DataType":8,"Resolution":0,"IsScaling":false,"AImin":0,"AImax":0,"RLmin":0,"RLmax":0,"Offset":1},{"ChannelId":2,"DeviceId":1,"GroupId":2,"Id":149,"Name":"DD272","Address":"D272","Mode":0,"Description":null,"DataType":8,"Resolution":0,"IsScaling":false,"AImin":0,"AImax":0,"RLmin":0,"RLmax":0,"Offset":1},{"ChannelId":2,"DeviceId":1,"GroupId":2,"Id":150,"Name":"DD274","Address":"D274","Mode":0,"Description":null,"DataType":8,"Resolution":0,"IsScaling":false,"AImin":0,"AImax":0,"RLmin":0,"RLmax":0,"Offset":1},{"ChannelId":2,"DeviceId":1,"GroupId":2,"Id":151,"Name":"DD276","Address":"D276","Mode":0,"Description":null,"DataType":8,"Resolution":0,"IsScaling":false,"AImin":0,"AImax":0,"RLmin":0,"RLmax":0,"Offset":1},{"ChannelId":2,"DeviceId":1,"GroupId":2,"Id":152,"Name":"DD278","Address":"D278","Mode":0,"Description":null,"DataType":8,"Resolution":0,"IsScaling":false,"AImin":0,"AImax":0,"RLmin":0,"RLmax":0,"Offset":1},{"ChannelId":2,"DeviceId":1,"GroupId":2,"Id":153,"Name":"DD280","Address":"D280","Mode":0,"Description":null,"DataType":8,"Resolution":0,"IsScaling":false,"AImin":0,"AImax":0,"RLmin":0,"RLmax":0,"Offset":1},{"ChannelId":2,"DeviceId":1,"GroupId":2,"Id":154,"Name":"DD282","Address":"D282","Mode":0,"Description":null,"DataType":8,"Resolution":0,"IsScaling":false,"AImin":0,"AImax":0,"RLmin":0,"RLmax":0,"Offset":1},{"ChannelId":2,"DeviceId":1,"GroupId":2,"Id":155,"Name":"DD284","Address":"D284","Mode":0,"Description":null,"DataType":8,"Resolution":0,"IsScaling":false,"AImin":0,"AImax":0,"RLmin":0,"RLmax":0,"Offset":1},{"ChannelId":2,"DeviceId":1,"GroupId":2,"Id":156,"Name":"DD286","Address":"D286","Mode":0,"Description":null,"DataType":8,"Resolution":0,"IsScaling":false,"AImin":0,"AImax":0,"RLmin":0,"RLmax":0,"Offset":1},{"ChannelId":2,"DeviceId":1,"GroupId":2,"Id":157,"Name":"DD288","Address":"D288","Mode":0,"Description":null,"DataType":8,"Resolution":0,"IsScaling":false,"AImin":0,"AImax":0,"RLmin":0,"RLmax":0,"Offset":1},{"ChannelId":2,"DeviceId":1,"GroupId":2,"Id":158,"Name":"DD290","Address":"D290","Mode":0,"Description":null,"DataType":8,"Resolution":0,"IsScaling":false,"AImin":0,"AImax":0,"RLmin":0,"RLmax":0,"Offset":1},{"ChannelId":2,"DeviceId":1,"GroupId":2,"Id":159,"Name":"DD292","Address":"D292","Mode":0,"Description":null,"DataType":8,"Resolution":0,"IsScaling":false,"AImin":0,"AImax":0,"RLmin":0,"RLmax":0,"Offset":1},{"ChannelId":2,"DeviceId":1,"GroupId":2,"Id":160,"Name":"DD294","Address":"D294","Mode":0,"Description":null,"DataType":8,"Resolution":0,"IsScaling":false,"AImin":0,"AImax":0,"RLmin":0,"RLmax":0,"Offset":1},{"ChannelId":2,"DeviceId":1,"GroupId":2,"Id":161,"Name":"DD296","Address":"D296","Mode":0,"Description":null,"DataType":8,"Resolution":0,"IsScaling":false,"AImin":0,"AImax":0,"RLmin":0,"RLmax":0,"Offset":1},{"ChannelId":2,"DeviceId":1,"GroupId":2,"Id":162,"Name":"DD298","Address":"D298","Mode":0,"Description":null,"DataType":8,"Resolution":0,"IsScaling":false,"AImin":0,"AImax":0,"RLmin":0,"RLmax":0,"Offset":1},{"ChannelId":2,"DeviceId":1,"GroupId":2,"Id":163,"Name":"DD300","Address":"D300","Mode":0,"Description":null,"DataType":8,"Resolution":0,"IsScaling":false,"AImin":0,"AImax":0,"RLmin":0,"RLmax":0,"Offset":1}]},{"ChannelId":2,"DeviceId":1,"Id":3,"Name":"OUT","Description":null,"Tags":[{"ChannelId":2,"DeviceId":1,"GroupId":3,"Id":1,"Name":"Q100.0","Address":"Q100.00","Mode":0,"Description":null,"DataType":0,"Resolution":0,"IsScaling":false,"AImin":0,"AImax":0,"RLmin":0,"RLmax":0,"Offset":1},{"ChannelId":2,"DeviceId":1,"GroupId":3,"Id":2,"Name":"Q100.01","Address":"Q100.01","Mode":0,"Description":null,"DataType":0,"Resolution":0,"IsScaling":false,"AImin":0,"AImax":0,"RLmin":0,"RLmax":0,"Offset":1},{"ChannelId":2,"DeviceId":1,"GroupId":3,"Id":3,"Name":"Q100.02","Address":"Q100.02","Mode":0,"Description":null,"DataType":0,"Resolution":0,"IsScaling":false,"AImin":0,"AImax":0,"RLmin":0,"RLmax":0,"Offset":1},{"ChannelId":2,"DeviceId":1,"GroupId":3,"Id":4,"Name":"Q100.03","Address":"Q100.03","Mode":0,"Description":null,"DataType":0,"Resolution":0,"IsScaling":false,"AImin":0,"AImax":0,"RLmin":0,"RLmax":0,"Offset":1},{"ChannelId":2,"DeviceId":1,"GroupId":3,"Id":5,"Name":"Q100.04","Address":"Q100.04","Mode":0,"Description":null,"DataType":0,"Resolution":0,"IsScaling":false,"AImin":0,"AImax":0,"RLmin":0,"RLmax":0,"Offset":1},{"ChannelId":2,"DeviceId":1,"GroupId":3,"Id":6,"Name":"Q100.05","Address":"Q100.05","Mode":0,"Description":null,"DataType":0,"Resolution":0,"IsScaling":false,"AImin":0,"AImax":0,"RLmin":0,"RLmax":0,"Offset":1},{"ChannelId":2,"DeviceId":1,"GroupId":3,"Id":7,"Name":"Q100.06","Address":"Q100.06","Mode":0,"Description":null,"DataType":0,"Resolution":0,"IsScaling":false,"AImin":0,"AImax":0,"RLmin":0,"RLmax":0,"Offset":1},{"ChannelId":2,"DeviceId":1,"GroupId":3,"Id":8,"Name":"Q100.07","Address":"Q100.07","Mode":0,"Description":null,"DataType":0,"Resolution":0,"IsScaling":false,"AImin":0,"AImax":0,"RLmin":0,"RLmax":0,"Offset":1},{"ChannelId":2,"DeviceId":1,"GroupId":3,"Id":9,"Name":"Q100.08","Address":"Q100.08","Mode":0,"Description":null,"DataType":0,"Resolution":0,"IsScaling":false,"AImin":0,"AImax":0,"RLmin":0,"RLmax":0,"Offset":1},{"ChannelId":2,"DeviceId":1,"GroupId":3,"Id":10,"Name":"Q100.09","Address":"Q100.09","Mode":0,"Description":null,"DataType":0,"Resolution":0,"IsScaling":false,"AImin":0,"AImax":0,"RLmin":0,"RLmax":0,"Offset":1},{"ChannelId":2,"DeviceId":1,"GroupId":3,"Id":11,"Name":"Q100.10","Address":"Q100.10","Mode":0,"Description":null,"DataType":0,"Resolution":0,"IsScaling":false,"AImin":0,"AImax":0,"RLmin":0,"RLmax":0,"Offset":1},{"ChannelId":2,"DeviceId":1,"GroupId":3,"Id":12,"Name":"Q100.11","Address":"Q100.11","Mode":0,"Description":null,"DataType":0,"Resolution":0,"IsScaling":false,"AImin":0,"AImax":0,"RLmin":0,"RLmax":0,"Offset":1},{"ChannelId":2,"DeviceId":1,"GroupId":3,"Id":13,"Name":"Q100.12","Address":"Q100.12","Mode":0,"Description":null,"DataType":0,"Resolution":0,"IsScaling":false,"AImin":0,"AImax":0,"RLmin":0,"RLmax":0,"Offset":1},{"ChannelId":2,"DeviceId":1,"GroupId":3,"Id":14,"Name":"Q100.13","Address":"Q100.13","Mode":0,"Description":null,"DataType":0,"Resolution":0,"IsScaling":false,"AImin":0,"AImax":0,"RLmin":0,"RLmax":0,"Offset":1},{"ChannelId":2,"DeviceId":1,"GroupId":3,"Id":15,"Name":"Q100.14","Address":"Q100.14","Mode":0,"Description":null,"DataType":0,"Resolution":0,"IsScaling":false,"AImin":0,"AImax":0,"RLmin":0,"RLmax":0,"Offset":1},{"ChannelId":2,"DeviceId":1,"GroupId":3,"Id":16,"Name":"Q100.15","Address":"Q100.15","Mode":0,"Description":null,"DataType":0,"Resolution":0,"IsScaling":false,"AImin":0,"AImax":0,"RLmin":0,"RLmax":0,"Offset":1},{"ChannelId":2,"DeviceId":1,"GroupId":3,"Id":17,"Name":"Q101.00","Address":"Q101.00","Mode":0,"Description":null,"DataType":0,"Resolution":0,"IsScaling":false,"AImin":0,"AImax":0,"RLmin":0,"RLmax":0,"Offset":1},{"ChannelId":2,"DeviceId":1,"GroupId":3,"Id":18,"Name":"Q101.01","Address":"Q101.01","Mode":0,"Description":null,"DataType":0,"Resolution":0,"IsScaling":false,"AImin":0,"AImax":0,"RLmin":0,"RLmax":0,"Offset":1},{"ChannelId":2,"DeviceId":1,"GroupId":3,"Id":19,"Name":"Q101.02","Address":"Q101.02","Mode":0,"Description":null,"DataType":0,"Resolution":0,"IsScaling":false,"AImin":0,"AImax":0,"RLmin":0,"RLmax":0,"Offset":1},{"ChannelId":2,"DeviceId":1,"GroupId":3,"Id":20,"Name":"Q101.03","Address":"Q101.03","Mode":0,"Description":null,"DataType":0,"Resolution":0,"IsScaling":false,"AImin":0,"AImax":0,"RLmin":0,"RLmax":0,"Offset":1},{"ChannelId":2,"DeviceId":1,"GroupId":3,"Id":21,"Name":"Q101.04","Address":"Q101.04","Mode":0,"Description":null,"DataType":0,"Resolution":0,"IsScaling":false,"AImin":0,"AImax":0,"RLmin":0,"RLmax":0,"Offset":1},{"ChannelId":2,"DeviceId":1,"GroupId":3,"Id":22,"Name":"Q101.05","Address":"Q101.05","Mode":0,"Description":null,"DataType":0,"Resolution":0,"IsScaling":false,"AImin":0,"AImax":0,"RLmin":0,"RLmax":0,"Offset":1},{"ChannelId":2,"DeviceId":1,"GroupId":3,"Id":23,"Name":"Q101.06","Address":"Q101.06","Mode":0,"Description":null,"DataType":0,"Resolution":0,"IsScaling":false,"AImin":0,"AImax":0,"RLmin":0,"RLmax":0,"Offset":1},{"ChannelId":2,"DeviceId":1,"GroupId":3,"Id":24,"Name":"Q101.07","Address":"Q101.07","Mode":0,"Description":null,"DataType":0,"Resolution":0,"IsScaling":false,"AImin":0,"AImax":0,"RLmin":0,"RLmax":0,"Offset":1},{"ChannelId":2,"DeviceId":1,"GroupId":3,"Id":25,"Name":"Q101.08","Address":"Q101.08","Mode":0,"Description":null,"DataType":0,"Resolution":0,"IsScaling":false,"AImin":0,"AImax":0,"RLmin":0,"RLmax":0,"Offset":1},{"ChannelId":2,"DeviceId":1,"GroupId":3,"Id":26,"Name":"Q101.09","Address":"Q101.09","Mode":0,"Description":null,"DataType":0,"Resolution":0,"IsScaling":false,"AImin":0,"AImax":0,"RLmin":0,"RLmax":0,"Offset":1},{"ChannelId":2,"DeviceId":1,"GroupId":3,"Id":27,"Name":"Q101.10","Address":"Q101.10","Mode":0,"Description":null,"DataType":0,"Resolution":0,"IsScaling":false,"AImin":0,"AImax":0,"RLmin":0,"RLmax":0,"Offset":1}]}],"Adapter":null,"DeviceType":0,"Active":true,"AutoReconnect":true}]}]}