{"Copyright":"Industrial Networks","Developer":"Hoang Van Luu","Phone":"(\u002B84) 0909-886-483","Email":"hoangluu.automation@gmail.com","Youtube":"https://www.youtube.com/industrialnetworks","Channels":[{"Id":1,"Name":"CH1","Description":null,"ConnectionType":1,"Manufacturer":2,"Protocol":9,"Adapter":{"PortName":"COM6","BaudRate":9600,"DataBits":7,"Parity":2,"StopBits":1,"Handshake":0,"SendTimeout":1000,"ReceiveTimeout":1000,"WaitingTime":0,"Connected":false,"ErrorMessage":"Lost connection to device."},"Devices":[{"ChannelId":1,"Id":1,"Name":"FX1S","StationNo":0,"Description":null,"BlockSize":64,"ByteOrder":0,"Groups":[{"ChannelId":1,"DeviceId":1,"Id":1,"Name":"DS","Description":null,"Tags":[{"ChannelId":1,"DeviceId":1,"GroupId":1,"Id":1,"Name":"S0","Address":"S0","Mode":0,"Description":null,"DataType":0,"Resolution":0,"IsScaling":false,"AImin":0,"AImax":0,"RLmin":0,"RLmax":0,"Offset":1},{"ChannelId":1,"DeviceId":1,"GroupId":1,"Id":2,"Name":"S1","Address":"S1","Mode":0,"Description":null,"DataType":0,"Resolution":0,"IsScaling":false,"AImin":0,"AImax":0,"RLmin":0,"RLmax":0,"Offset":1},{"ChannelId":1,"DeviceId":1,"GroupId":1,"Id":3,"Name":"S2","Address":"S2","Mode":0,"Description":null,"DataType":0,"Resolution":0,"IsScaling":false,"AImin":0,"AImax":0,"RLmin":0,"RLmax":0,"Offset":1},{"ChannelId":1,"DeviceId":1,"GroupId":1,"Id":4,"Name":"S3","Address":"S3","Mode":0,"Description":null,"DataType":0,"Resolution":0,"IsScaling":false,"AImin":0,"AImax":0,"RLmin":0,"RLmax":0,"Offset":1},{"ChannelId":1,"DeviceId":1,"GroupId":1,"Id":5,"Name":"S4","Address":"S4","Mode":0,"Description":null,"DataType":0,"Resolution":0,"IsScaling":false,"AImin":0,"AImax":0,"RLmin":0,"RLmax":0,"Offset":1},{"ChannelId":1,"DeviceId":1,"GroupId":1,"Id":6,"Name":"S5","Address":"S5","Mode":0,"Description":null,"DataType":0,"Resolution":0,"IsScaling":false,"AImin":0,"AImax":0,"RLmin":0,"RLmax":0,"Offset":1},{"ChannelId":1,"DeviceId":1,"GroupId":1,"Id":7,"Name":"S6","Address":"S6","Mode":0,"Description":null,"DataType":0,"Resolution":0,"IsScaling":false,"AImin":0,"AImax":0,"RLmin":0,"RLmax":0,"Offset":1},{"ChannelId":1,"DeviceId":1,"GroupId":1,"Id":8,"Name":"S7","Address":"S7","Mode":0,"Description":null,"DataType":0,"Resolution":0,"IsScaling":false,"AImin":0,"AImax":0,"RLmin":0,"RLmax":0,"Offset":1},{"ChannelId":1,"DeviceId":1,"GroupId":1,"Id":9,"Name":"S8","Address":"S8","Mode":0,"Description":null,"DataType":0,"Resolution":0,"IsScaling":false,"AImin":0,"AImax":0,"RLmin":0,"RLmax":0,"Offset":1},{"ChannelId":1,"DeviceId":1,"GroupId":1,"Id":10,"Name":"S9","Address":"S9","Mode":0,"Description":null,"DataType":0,"Resolution":0,"IsScaling":false,"AImin":0,"AImax":0,"RLmin":0,"RLmax":0,"Offset":1},{"ChannelId":1,"DeviceId":1,"GroupId":1,"Id":11,"Name":"S10","Address":"S10","Mode":0,"Description":null,"DataType":0,"Resolution":0,"IsScaling":false,"AImin":0,"AImax":0,"RLmin":0,"RLmax":0,"Offset":1},{"ChannelId":1,"DeviceId":1,"GroupId":1,"Id":12,"Name":"S11","Address":"S11","Mode":0,"Description":null,"DataType":0,"Resolution":0,"IsScaling":false,"AImin":0,"AImax":0,"RLmin":0,"RLmax":0,"Offset":1},{"ChannelId":1,"DeviceId":1,"GroupId":1,"Id":13,"Name":"S12","Address":"S12","Mode":0,"Description":null,"DataType":0,"Resolution":0,"IsScaling":false,"AImin":0,"AImax":0,"RLmin":0,"RLmax":0,"Offset":1},{"ChannelId":1,"DeviceId":1,"GroupId":1,"Id":14,"Name":"S13","Address":"S13","Mode":0,"Description":null,"DataType":0,"Resolution":0,"IsScaling":false,"AImin":0,"AImax":0,"RLmin":0,"RLmax":0,"Offset":1},{"ChannelId":1,"DeviceId":1,"GroupId":1,"Id":15,"Name":"S14","Address":"S14","Mode":0,"Description":null,"DataType":0,"Resolution":0,"IsScaling":false,"AImin":0,"AImax":0,"RLmin":0,"RLmax":0,"Offset":1},{"ChannelId":1,"DeviceId":1,"GroupId":1,"Id":16,"Name":"S15","Address":"S15","Mode":0,"Description":null,"DataType":0,"Resolution":0,"IsScaling":false,"AImin":0,"AImax":0,"RLmin":0,"RLmax":0,"Offset":1},{"ChannelId":1,"DeviceId":1,"GroupId":1,"Id":17,"Name":"S16","Address":"S16","Mode":0,"Description":null,"DataType":0,"Resolution":0,"IsScaling":false,"AImin":0,"AImax":0,"RLmin":0,"RLmax":0,"Offset":1},{"ChannelId":1,"DeviceId":1,"GroupId":1,"Id":18,"Name":"S17","Address":"S17","Mode":0,"Description":null,"DataType":0,"Resolution":0,"IsScaling":false,"AImin":0,"AImax":0,"RLmin":0,"RLmax":0,"Offset":1},{"ChannelId":1,"DeviceId":1,"GroupId":1,"Id":19,"Name":"S18","Address":"S18","Mode":0,"Description":null,"DataType":0,"Resolution":0,"IsScaling":false,"AImin":0,"AImax":0,"RLmin":0,"RLmax":0,"Offset":1},{"ChannelId":1,"DeviceId":1,"GroupId":1,"Id":20,"Name":"S19","Address":"S19","Mode":0,"Description":null,"DataType":0,"Resolution":0,"IsScaling":false,"AImin":0,"AImax":0,"RLmin":0,"RLmax":0,"Offset":1},{"ChannelId":1,"DeviceId":1,"GroupId":1,"Id":21,"Name":"S20","Address":"S20","Mode":0,"Description":null,"DataType":0,"Resolution":0,"IsScaling":false,"AImin":0,"AImax":0,"RLmin":0,"RLmax":0,"Offset":1},{"ChannelId":1,"DeviceId":1,"GroupId":1,"Id":22,"Name":"S21","Address":"S21","Mode":0,"Description":null,"DataType":0,"Resolution":0,"IsScaling":false,"AImin":0,"AImax":0,"RLmin":0,"RLmax":0,"Offset":1},{"ChannelId":1,"DeviceId":1,"GroupId":1,"Id":23,"Name":"S22","Address":"S22","Mode":0,"Description":null,"DataType":0,"Resolution":0,"IsScaling":false,"AImin":0,"AImax":0,"RLmin":0,"RLmax":0,"Offset":1},{"ChannelId":1,"DeviceId":1,"GroupId":1,"Id":24,"Name":"S23","Address":"S23","Mode":0,"Description":null,"DataType":0,"Resolution":0,"IsScaling":false,"AImin":0,"AImax":0,"RLmin":0,"RLmax":0,"Offset":1}]},{"ChannelId":1,"DeviceId":1,"Id":2,"Name":"OUT","Description":null,"Tags":[{"ChannelId":1,"DeviceId":1,"GroupId":2,"Id":2,"Name":"Y0","Address":"Y0","Mode":0,"Description":null,"DataType":0,"Resolution":0,"IsScaling":false,"AImin":0,"AImax":0,"RLmin":0,"RLmax":0,"Offset":1},{"ChannelId":1,"DeviceId":1,"GroupId":2,"Id":3,"Name":"Y1","Address":"Y1","Mode":0,"Description":null,"DataType":0,"Resolution":0,"IsScaling":false,"AImin":0,"AImax":0,"RLmin":0,"RLmax":0,"Offset":1},{"ChannelId":1,"DeviceId":1,"GroupId":2,"Id":4,"Name":"Y2","Address":"Y2","Mode":0,"Description":null,"DataType":0,"Resolution":0,"IsScaling":false,"AImin":0,"AImax":0,"RLmin":0,"RLmax":0,"Offset":1},{"ChannelId":1,"DeviceId":1,"GroupId":2,"Id":5,"Name":"Y3","Address":"Y3","Mode":0,"Description":null,"DataType":0,"Resolution":0,"IsScaling":false,"AImin":0,"AImax":0,"RLmin":0,"RLmax":0,"Offset":1},{"ChannelId":1,"DeviceId":1,"GroupId":2,"Id":6,"Name":"Y4","Address":"Y4","Mode":0,"Description":null,"DataType":0,"Resolution":0,"IsScaling":false,"AImin":0,"AImax":0,"RLmin":0,"RLmax":0,"Offset":1},{"ChannelId":1,"DeviceId":1,"GroupId":2,"Id":7,"Name":"Y5","Address":"Y5","Mode":0,"Description":null,"DataType":0,"Resolution":0,"IsScaling":false,"AImin":0,"AImax":0,"RLmin":0,"RLmax":0,"Offset":1},{"ChannelId":1,"DeviceId":1,"GroupId":2,"Id":8,"Name":"Y6","Address":"Y6","Mode":0,"Description":null,"DataType":0,"Resolution":0,"IsScaling":false,"AImin":0,"AImax":0,"RLmin":0,"RLmax":0,"Offset":1},{"ChannelId":1,"DeviceId":1,"GroupId":2,"Id":9,"Name":"Y7","Address":"Y7","Mode":0,"Description":null,"DataType":0,"Resolution":0,"IsScaling":false,"AImin":0,"AImax":0,"RLmin":0,"RLmax":0,"Offset":1},{"ChannelId":1,"DeviceId":1,"GroupId":2,"Id":10,"Name":"Y10","Address":"Y10","Mode":0,"Description":null,"DataType":0,"Resolution":0,"IsScaling":false,"AImin":0,"AImax":0,"RLmin":0,"RLmax":0,"Offset":1},{"ChannelId":1,"DeviceId":1,"GroupId":2,"Id":11,"Name":"Y11","Address":"Y11","Mode":0,"Description":null,"DataType":0,"Resolution":0,"IsScaling":false,"AImin":0,"AImax":0,"RLmin":0,"RLmax":0,"Offset":1},{"ChannelId":1,"DeviceId":1,"GroupId":2,"Id":12,"Name":"Y12","Address":"Y12","Mode":0,"Description":null,"DataType":0,"Resolution":0,"IsScaling":false,"AImin":0,"AImax":0,"RLmin":0,"RLmax":0,"Offset":1},{"ChannelId":1,"DeviceId":1,"GroupId":2,"Id":13,"Name":"Y13","Address":"Y13","Mode":0,"Description":null,"DataType":0,"Resolution":0,"IsScaling":false,"AImin":0,"AImax":0,"RLmin":0,"RLmax":0,"Offset":1},{"ChannelId":1,"DeviceId":1,"GroupId":2,"Id":14,"Name":"Y14","Address":"Y14","Mode":0,"Description":null,"DataType":0,"Resolution":0,"IsScaling":false,"AImin":0,"AImax":0,"RLmin":0,"RLmax":0,"Offset":1},{"ChannelId":1,"DeviceId":1,"GroupId":2,"Id":15,"Name":"Y15","Address":"Y15","Mode":0,"Description":null,"DataType":0,"Resolution":0,"IsScaling":false,"AImin":0,"AImax":0,"RLmin":0,"RLmax":0,"Offset":1},{"ChannelId":1,"DeviceId":1,"GroupId":2,"Id":16,"Name":"Y16","Address":"Y16","Mode":0,"Description":null,"DataType":0,"Resolution":0,"IsScaling":false,"AImin":0,"AImax":0,"RLmin":0,"RLmax":0,"Offset":1},{"ChannelId":1,"DeviceId":1,"GroupId":2,"Id":17,"Name":"Y17","Address":"Y17","Mode":0,"Description":null,"DataType":0,"Resolution":0,"IsScaling":false,"AImin":0,"AImax":0,"RLmin":0,"RLmax":0,"Offset":1},{"ChannelId":1,"DeviceId":1,"GroupId":2,"Id":18,"Name":"Y20","Address":"Y20","Mode":0,"Description":null,"DataType":0,"Resolution":0,"IsScaling":false,"AImin":0,"AImax":0,"RLmin":0,"RLmax":0,"Offset":1},{"ChannelId":1,"DeviceId":1,"GroupId":2,"Id":19,"Name":"Y21","Address":"Y21","Mode":0,"Description":null,"DataType":0,"Resolution":0,"IsScaling":false,"AImin":0,"AImax":0,"RLmin":0,"RLmax":0,"Offset":1},{"ChannelId":1,"DeviceId":1,"GroupId":2,"Id":20,"Name":"Y22","Address":"Y22","Mode":0,"Description":null,"DataType":0,"Resolution":0,"IsScaling":false,"AImin":0,"AImax":0,"RLmin":0,"RLmax":0,"Offset":1},{"ChannelId":1,"DeviceId":1,"GroupId":2,"Id":21,"Name":"Y23","Address":"Y23","Mode":0,"Description":null,"DataType":0,"Resolution":0,"IsScaling":false,"AImin":0,"AImax":0,"RLmin":0,"RLmax":0,"Offset":1}]}],"Adapter":null,"DeviceType":1,"Active":true,"AutoReconnect":true}]}]}