{
	"name": "Profinet-for-Arduino",
	"keywords": "Profinet, S7, Ethernet, Interface",
	"description": "Arduino library to interface with S7-300/S7-1200/S7-1500 CPUs over Profinet with W5500 Ethernet Module",
	"repository":
  {
    "type": "git",
    "url": "https://github.com/felix900006/Profinet-for-Arduino.git"
  },
  "export": {
        "include": null, 
        "exclude": [
            "docs", 
            "*.yml", 
            "*.md"
        ]
   }, 
  "authors": 
    {
      "name": "Deatsch",
      "email": "deatsch@outlook.de",
      "maintainer": true
    },
  "license": "MIT",
  "version": "1.0.1",
  "frameworks": "arduino",
  "platforms": "*"
}
