{"Copyright":"Industrial Networks","Developer":"Hoang Van Luu","Phone":"(\u002B84) 0909-886-483","Email":"hoangluu.automation@gmail.com","Youtube":"https://www.youtube.com/industrialnetworks","Channels":[{"Id":2,"Name":"CH-01","Description":null,"ConnectionType":0,"Manufacturer":3,"Protocol":10,"Adapter":null,"Devices":[{"ChannelId":2,"Id":1,"Name":"CP1L-E","StationNo":0,"Description":null,"BlockSize":490,"ByteOrder":0,"Groups":[{"ChannelId":2,"DeviceId":1,"Id":1,"Name":"DSTRG","Description":null,"Tags":[{"ChannelId":2,"DeviceId":1,"GroupId":1,"Id":5,"Name":"DSTRG120","Address":"D120","Mode":0,"Description":null,"DataType":15,"Resolution":64,"IsScaling":false,"AImin":0,"AImax":0,"RLmin":0,"RLmax":0,"Offset":1},{"ChannelId":2,"DeviceId":1,"GroupId":1,"Id":6,"Name":"DSTRG184","Address":"D184","Mode":0,"Description":null,"DataType":15,"Resolution":128,"IsScaling":false,"AImin":0,"AImax":0,"RLmin":0,"RLmax":0,"Offset":1}]}],"Adapter":{"ProtocolType":6,"IPAddress":"192.168.3.5","Port":9600,"SendTimeout":1000,"ReceiveTimeout":1000,"WaitingTime":0,"Connected":false,"ErrorMessage":"Lost connection to device."},"DeviceType":0,"Active":true,"AutoReconnect":true}]}]}