{"Copyright":"Industrial Networks","Developer":"Hoang Van Luu","Phone":"(\u002B84) 0909-886-483","Email":"hoangluu.automation@gmail.com","Youtube":"https://www.youtube.com/industrialnetworks","Channels":[{"Id":1,"Name":"CH1","Description":null,"ConnectionType":0,"Manufacturer":6,"Protocol":12,"Adapter":null,"Devices":[{"ChannelId":1,"Id":1,"Name":"PLC1","StationNo":0,"Description":null,"BlockSize":64,"ByteOrder":0,"Groups":[{"ChannelId":1,"DeviceId":1,"Id":1,"Name":"CNT","Description":null,"Tags":[{"ChannelId":1,"DeviceId":1,"GroupId":1,"Id":1,"Name":"C235","Address":"C235","Mode":1,"Description":"32-bit Counter. Counting direction: Up or Down(Selectable or control by inputs.). Available set value: -2,147,483,648 to \u002B2,147,483,647.","DataType":5,"Resolution":0,"IsScaling":false,"AImin":0,"AImax":0,"RLmin":0,"RLmax":0,"Offset":1},{"ChannelId":1,"DeviceId":1,"GroupId":1,"Id":2,"Name":"C236","Address":"C236","Mode":1,"Description":"32-bit Counter. Counting direction: Up or Down(Selectable or control by inputs.). Available set value: -2,147,483,648 to \u002B2,147,483,647.","DataType":5,"Resolution":0,"IsScaling":false,"AImin":0,"AImax":0,"RLmin":0,"RLmax":0,"Offset":1},{"ChannelId":1,"DeviceId":1,"GroupId":1,"Id":3,"Name":"CD238","Address":"C238","Mode":1,"Description":"32-bit Counter. Counting direction: Up or Down(Selectable or control by inputs.). Available set value: -2,147,483,648 to \u002B2,147,483,647.","DataType":5,"Resolution":0,"IsScaling":false,"AImin":0,"AImax":0,"RLmin":0,"RLmax":0,"Offset":1}]}],"Adapter":{"ProtocolType":6,"IPAddress":"127.0.0.1","Port":5000,"SendTimeout":1000,"ReceiveTimeout":1000,"WaitingTime":0,"Connected":false,"ErrorMessage":"Lost connection to device."},"DeviceType":0,"Active":true,"AutoReconnect":true}]}]}