{"Copyright":"Industrial Networks","Developer":"Hoang Van Luu","Phone":"(\u002B84) 0909-886-483","Email":"hoangluu.automation@gmail.com","Youtube":"https://www.youtube.com/industrialnetworks","Channels":[{"Id":1,"Name":"CH1","Description":null,"ConnectionType":0,"Manufacturer":2,"Protocol":6,"Adapter":null,"Devices":[{"ChannelId":1,"Id":1,"Name":"Q03UDV","StationNo":0,"Description":null,"BlockSize":960,"ByteOrder":0,"Groups":[{"ChannelId":1,"DeviceId":1,"Id":1,"Name":"DATA","Description":null,"Tags":[{"ChannelId":1,"DeviceId":1,"GroupId":1,"Id":1,"Name":"D0","Address":"D0","Mode":0,"Description":null,"DataType":2,"Resolution":0,"IsScaling":false,"AImin":0,"AImax":0,"RLmin":0,"RLmax":0,"Offset":1},{"ChannelId":1,"DeviceId":1,"GroupId":1,"Id":2,"Name":"DW1","Address":"D1","Mode":0,"Description":null,"DataType":2,"Resolution":0,"IsScaling":false,"AImin":0,"AImax":0,"RLmin":0,"RLmax":0,"Offset":1},{"ChannelId":1,"DeviceId":1,"GroupId":1,"Id":3,"Name":"DW2","Address":"D2","Mode":0,"Description":null,"DataType":2,"Resolution":0,"IsScaling":false,"AImin":0,"AImax":0,"RLmin":0,"RLmax":0,"Offset":1},{"ChannelId":1,"DeviceId":1,"GroupId":1,"Id":4,"Name":"DW3","Address":"D3","Mode":0,"Description":null,"DataType":2,"Resolution":0,"IsScaling":false,"AImin":0,"AImax":0,"RLmin":0,"RLmax":0,"Offset":1},{"ChannelId":1,"DeviceId":1,"GroupId":1,"Id":5,"Name":"DW4","Address":"D4","Mode":0,"Description":null,"DataType":2,"Resolution":0,"IsScaling":false,"AImin":0,"AImax":0,"RLmin":0,"RLmax":0,"Offset":1},{"ChannelId":1,"DeviceId":1,"GroupId":1,"Id":6,"Name":"DW5","Address":"D5","Mode":0,"Description":null,"DataType":2,"Resolution":0,"IsScaling":false,"AImin":0,"AImax":0,"RLmin":0,"RLmax":0,"Offset":1},{"ChannelId":1,"DeviceId":1,"GroupId":1,"Id":7,"Name":"DW6","Address":"D6","Mode":0,"Description":null,"DataType":2,"Resolution":0,"IsScaling":false,"AImin":0,"AImax":0,"RLmin":0,"RLmax":0,"Offset":1},{"ChannelId":1,"DeviceId":1,"GroupId":1,"Id":8,"Name":"DW7","Address":"D7","Mode":0,"Description":null,"DataType":2,"Resolution":0,"IsScaling":false,"AImin":0,"AImax":0,"RLmin":0,"RLmax":0,"Offset":1},{"ChannelId":1,"DeviceId":1,"GroupId":1,"Id":9,"Name":"DW8","Address":"D8","Mode":0,"Description":null,"DataType":2,"Resolution":0,"IsScaling":false,"AImin":0,"AImax":0,"RLmin":0,"RLmax":0,"Offset":1},{"ChannelId":1,"DeviceId":1,"GroupId":1,"Id":10,"Name":"DW9","Address":"D9","Mode":0,"Description":null,"DataType":2,"Resolution":0,"IsScaling":false,"AImin":0,"AImax":0,"RLmin":0,"RLmax":0,"Offset":1},{"ChannelId":1,"DeviceId":1,"GroupId":1,"Id":11,"Name":"DW10","Address":"D10","Mode":0,"Description":null,"DataType":2,"Resolution":0,"IsScaling":false,"AImin":0,"AImax":0,"RLmin":0,"RLmax":0,"Offset":1},{"ChannelId":1,"DeviceId":1,"GroupId":1,"Id":12,"Name":"DW11","Address":"D11","Mode":0,"Description":null,"DataType":2,"Resolution":0,"IsScaling":false,"AImin":0,"AImax":0,"RLmin":0,"RLmax":0,"Offset":1},{"ChannelId":1,"DeviceId":1,"GroupId":1,"Id":13,"Name":"DW12","Address":"D12","Mode":0,"Description":null,"DataType":2,"Resolution":0,"IsScaling":false,"AImin":0,"AImax":0,"RLmin":0,"RLmax":0,"Offset":1},{"ChannelId":1,"DeviceId":1,"GroupId":1,"Id":14,"Name":"DW13","Address":"D13","Mode":0,"Description":null,"DataType":2,"Resolution":0,"IsScaling":false,"AImin":0,"AImax":0,"RLmin":0,"RLmax":0,"Offset":1},{"ChannelId":1,"DeviceId":1,"GroupId":1,"Id":15,"Name":"DW14","Address":"D14","Mode":0,"Description":null,"DataType":2,"Resolution":0,"IsScaling":false,"AImin":0,"AImax":0,"RLmin":0,"RLmax":0,"Offset":1},{"ChannelId":1,"DeviceId":1,"GroupId":1,"Id":16,"Name":"DW15","Address":"D15","Mode":0,"Description":null,"DataType":2,"Resolution":0,"IsScaling":false,"AImin":0,"AImax":0,"RLmin":0,"RLmax":0,"Offset":1},{"ChannelId":1,"DeviceId":1,"GroupId":1,"Id":17,"Name":"DW16","Address":"D16","Mode":0,"Description":null,"DataType":2,"Resolution":0,"IsScaling":false,"AImin":0,"AImax":0,"RLmin":0,"RLmax":0,"Offset":1},{"ChannelId":1,"DeviceId":1,"GroupId":1,"Id":18,"Name":"DW17","Address":"D17","Mode":0,"Description":null,"DataType":2,"Resolution":0,"IsScaling":false,"AImin":0,"AImax":0,"RLmin":0,"RLmax":0,"Offset":1},{"ChannelId":1,"DeviceId":1,"GroupId":1,"Id":19,"Name":"DW18","Address":"D18","Mode":0,"Description":null,"DataType":2,"Resolution":0,"IsScaling":false,"AImin":0,"AImax":0,"RLmin":0,"RLmax":0,"Offset":1},{"ChannelId":1,"DeviceId":1,"GroupId":1,"Id":20,"Name":"DW19","Address":"D19","Mode":0,"Description":null,"DataType":2,"Resolution":0,"IsScaling":false,"AImin":0,"AImax":0,"RLmin":0,"RLmax":0,"Offset":1},{"ChannelId":1,"DeviceId":1,"GroupId":1,"Id":21,"Name":"DW20","Address":"D20","Mode":0,"Description":null,"DataType":2,"Resolution":0,"IsScaling":false,"AImin":0,"AImax":0,"RLmin":0,"RLmax":0,"Offset":1},{"ChannelId":1,"DeviceId":1,"GroupId":1,"Id":22,"Name":"DW21","Address":"D21","Mode":0,"Description":null,"DataType":2,"Resolution":0,"IsScaling":false,"AImin":0,"AImax":0,"RLmin":0,"RLmax":0,"Offset":1},{"ChannelId":1,"DeviceId":1,"GroupId":1,"Id":23,"Name":"DW22","Address":"D22","Mode":0,"Description":null,"DataType":2,"Resolution":0,"IsScaling":false,"AImin":0,"AImax":0,"RLmin":0,"RLmax":0,"Offset":1},{"ChannelId":1,"DeviceId":1,"GroupId":1,"Id":24,"Name":"DW23","Address":"D23","Mode":0,"Description":null,"DataType":2,"Resolution":0,"IsScaling":false,"AImin":0,"AImax":0,"RLmin":0,"RLmax":0,"Offset":1},{"ChannelId":1,"DeviceId":1,"GroupId":1,"Id":25,"Name":"DW24","Address":"D24","Mode":0,"Description":null,"DataType":2,"Resolution":0,"IsScaling":false,"AImin":0,"AImax":0,"RLmin":0,"RLmax":0,"Offset":1},{"ChannelId":1,"DeviceId":1,"GroupId":1,"Id":26,"Name":"DW25","Address":"D25","Mode":0,"Description":null,"DataType":2,"Resolution":0,"IsScaling":false,"AImin":0,"AImax":0,"RLmin":0,"RLmax":0,"Offset":1},{"ChannelId":1,"DeviceId":1,"GroupId":1,"Id":27,"Name":"DW26","Address":"D26","Mode":0,"Description":null,"DataType":2,"Resolution":0,"IsScaling":false,"AImin":0,"AImax":0,"RLmin":0,"RLmax":0,"Offset":1},{"ChannelId":1,"DeviceId":1,"GroupId":1,"Id":28,"Name":"DW27","Address":"D27","Mode":0,"Description":null,"DataType":2,"Resolution":0,"IsScaling":false,"AImin":0,"AImax":0,"RLmin":0,"RLmax":0,"Offset":1},{"ChannelId":1,"DeviceId":1,"GroupId":1,"Id":29,"Name":"DW28","Address":"D28","Mode":0,"Description":null,"DataType":4,"Resolution":0,"IsScaling":false,"AImin":0,"AImax":0,"RLmin":0,"RLmax":0,"Offset":1},{"ChannelId":1,"DeviceId":1,"GroupId":1,"Id":30,"Name":"DW29","Address":"D29","Mode":0,"Description":null,"DataType":4,"Resolution":0,"IsScaling":false,"AImin":0,"AImax":0,"RLmin":0,"RLmax":0,"Offset":1},{"ChannelId":1,"DeviceId":1,"GroupId":1,"Id":31,"Name":"DW30","Address":"D30","Mode":0,"Description":null,"DataType":4,"Resolution":0,"IsScaling":false,"AImin":0,"AImax":0,"RLmin":0,"RLmax":0,"Offset":1},{"ChannelId":1,"DeviceId":1,"GroupId":1,"Id":32,"Name":"DW31","Address":"D31","Mode":0,"Description":null,"DataType":4,"Resolution":0,"IsScaling":false,"AImin":0,"AImax":0,"RLmin":0,"RLmax":0,"Offset":1},{"ChannelId":1,"DeviceId":1,"GroupId":1,"Id":33,"Name":"DW32","Address":"D32","Mode":0,"Description":null,"DataType":4,"Resolution":0,"IsScaling":false,"AImin":0,"AImax":0,"RLmin":0,"RLmax":0,"Offset":1},{"ChannelId":1,"DeviceId":1,"GroupId":1,"Id":34,"Name":"DW33","Address":"D33","Mode":0,"Description":null,"DataType":4,"Resolution":0,"IsScaling":false,"AImin":0,"AImax":0,"RLmin":0,"RLmax":0,"Offset":1},{"ChannelId":1,"DeviceId":1,"GroupId":1,"Id":35,"Name":"DW34","Address":"D34","Mode":0,"Description":null,"DataType":3,"Resolution":0,"IsScaling":false,"AImin":0,"AImax":0,"RLmin":0,"RLmax":0,"Offset":1},{"ChannelId":1,"DeviceId":1,"GroupId":1,"Id":36,"Name":"DW35","Address":"D35","Mode":0,"Description":null,"DataType":3,"Resolution":0,"IsScaling":false,"AImin":0,"AImax":0,"RLmin":0,"RLmax":0,"Offset":1},{"ChannelId":1,"DeviceId":1,"GroupId":1,"Id":37,"Name":"DW36","Address":"D36","Mode":0,"Description":null,"DataType":3,"Resolution":0,"IsScaling":false,"AImin":0,"AImax":0,"RLmin":0,"RLmax":0,"Offset":1},{"ChannelId":1,"DeviceId":1,"GroupId":1,"Id":38,"Name":"DW37","Address":"D37","Mode":0,"Description":null,"DataType":3,"Resolution":0,"IsScaling":false,"AImin":0,"AImax":0,"RLmin":0,"RLmax":0,"Offset":1},{"ChannelId":1,"DeviceId":1,"GroupId":1,"Id":39,"Name":"DW38","Address":"D38","Mode":0,"Description":null,"DataType":3,"Resolution":0,"IsScaling":false,"AImin":0,"AImax":0,"RLmin":0,"RLmax":0,"Offset":1},{"ChannelId":1,"DeviceId":1,"GroupId":1,"Id":40,"Name":"DW39","Address":"D39","Mode":0,"Description":null,"DataType":3,"Resolution":0,"IsScaling":false,"AImin":0,"AImax":0,"RLmin":0,"RLmax":0,"Offset":1},{"ChannelId":1,"DeviceId":1,"GroupId":1,"Id":41,"Name":"DW40","Address":"D40","Mode":0,"Description":null,"DataType":3,"Resolution":0,"IsScaling":false,"AImin":0,"AImax":0,"RLmin":0,"RLmax":0,"Offset":1},{"ChannelId":1,"DeviceId":1,"GroupId":1,"Id":42,"Name":"DW41","Address":"D41","Mode":0,"Description":null,"DataType":3,"Resolution":0,"IsScaling":false,"AImin":0,"AImax":0,"RLmin":0,"RLmax":0,"Offset":1},{"ChannelId":1,"DeviceId":1,"GroupId":1,"Id":43,"Name":"DW42","Address":"D42","Mode":0,"Description":null,"DataType":3,"Resolution":0,"IsScaling":false,"AImin":0,"AImax":0,"RLmin":0,"RLmax":0,"Offset":1},{"ChannelId":1,"DeviceId":1,"GroupId":1,"Id":44,"Name":"DW43","Address":"D43","Mode":0,"Description":null,"DataType":3,"Resolution":0,"IsScaling":false,"AImin":0,"AImax":0,"RLmin":0,"RLmax":0,"Offset":1},{"ChannelId":1,"DeviceId":1,"GroupId":1,"Id":45,"Name":"DW44","Address":"D44","Mode":0,"Description":null,"DataType":3,"Resolution":0,"IsScaling":false,"AImin":0,"AImax":0,"RLmin":0,"RLmax":0,"Offset":1},{"ChannelId":1,"DeviceId":1,"GroupId":1,"Id":46,"Name":"DW45","Address":"D45","Mode":0,"Description":null,"DataType":3,"Resolution":0,"IsScaling":false,"AImin":0,"AImax":0,"RLmin":0,"RLmax":0,"Offset":1},{"ChannelId":1,"DeviceId":1,"GroupId":1,"Id":47,"Name":"DW46","Address":"D46","Mode":0,"Description":null,"DataType":3,"Resolution":0,"IsScaling":false,"AImin":0,"AImax":0,"RLmin":0,"RLmax":0,"Offset":1},{"ChannelId":1,"DeviceId":1,"GroupId":1,"Id":48,"Name":"DW47","Address":"D47","Mode":0,"Description":null,"DataType":3,"Resolution":0,"IsScaling":false,"AImin":0,"AImax":0,"RLmin":0,"RLmax":0,"Offset":1},{"ChannelId":1,"DeviceId":1,"GroupId":1,"Id":49,"Name":"DW48","Address":"D48","Mode":0,"Description":null,"DataType":3,"Resolution":0,"IsScaling":false,"AImin":0,"AImax":0,"RLmin":0,"RLmax":0,"Offset":1},{"ChannelId":1,"DeviceId":1,"GroupId":1,"Id":50,"Name":"DW49","Address":"D49","Mode":0,"Description":null,"DataType":3,"Resolution":0,"IsScaling":false,"AImin":0,"AImax":0,"RLmin":0,"RLmax":0,"Offset":1},{"ChannelId":1,"DeviceId":1,"GroupId":1,"Id":51,"Name":"DW50","Address":"D50","Mode":0,"Description":null,"DataType":3,"Resolution":0,"IsScaling":false,"AImin":0,"AImax":0,"RLmin":0,"RLmax":0,"Offset":1},{"ChannelId":1,"DeviceId":1,"GroupId":1,"Id":52,"Name":"DW51","Address":"D51","Mode":0,"Description":null,"DataType":3,"Resolution":0,"IsScaling":false,"AImin":0,"AImax":0,"RLmin":0,"RLmax":0,"Offset":1},{"ChannelId":1,"DeviceId":1,"GroupId":1,"Id":53,"Name":"DW52","Address":"D52","Mode":0,"Description":null,"DataType":3,"Resolution":0,"IsScaling":false,"AImin":0,"AImax":0,"RLmin":0,"RLmax":0,"Offset":1},{"ChannelId":1,"DeviceId":1,"GroupId":1,"Id":54,"Name":"DW53","Address":"D53","Mode":0,"Description":null,"DataType":3,"Resolution":0,"IsScaling":false,"AImin":0,"AImax":0,"RLmin":0,"RLmax":0,"Offset":1},{"ChannelId":1,"DeviceId":1,"GroupId":1,"Id":55,"Name":"DW54","Address":"D54","Mode":0,"Description":null,"DataType":3,"Resolution":0,"IsScaling":false,"AImin":0,"AImax":0,"RLmin":0,"RLmax":0,"Offset":1},{"ChannelId":1,"DeviceId":1,"GroupId":1,"Id":56,"Name":"DW55","Address":"D55","Mode":0,"Description":null,"DataType":3,"Resolution":0,"IsScaling":false,"AImin":0,"AImax":0,"RLmin":0,"RLmax":0,"Offset":1},{"ChannelId":1,"DeviceId":1,"GroupId":1,"Id":57,"Name":"DW56","Address":"D56","Mode":0,"Description":null,"DataType":3,"Resolution":0,"IsScaling":false,"AImin":0,"AImax":0,"RLmin":0,"RLmax":0,"Offset":1},{"ChannelId":1,"DeviceId":1,"GroupId":1,"Id":58,"Name":"DW57","Address":"D57","Mode":0,"Description":null,"DataType":3,"Resolution":0,"IsScaling":false,"AImin":0,"AImax":0,"RLmin":0,"RLmax":0,"Offset":1},{"ChannelId":1,"DeviceId":1,"GroupId":1,"Id":59,"Name":"DW58","Address":"D58","Mode":0,"Description":null,"DataType":3,"Resolution":0,"IsScaling":false,"AImin":0,"AImax":0,"RLmin":0,"RLmax":0,"Offset":1},{"ChannelId":1,"DeviceId":1,"GroupId":1,"Id":60,"Name":"DW59","Address":"D59","Mode":0,"Description":null,"DataType":3,"Resolution":0,"IsScaling":false,"AImin":0,"AImax":0,"RLmin":0,"RLmax":0,"Offset":1},{"ChannelId":1,"DeviceId":1,"GroupId":1,"Id":61,"Name":"DW60","Address":"D60","Mode":0,"Description":null,"DataType":3,"Resolution":0,"IsScaling":false,"AImin":0,"AImax":0,"RLmin":0,"RLmax":0,"Offset":1},{"ChannelId":1,"DeviceId":1,"GroupId":1,"Id":62,"Name":"DW61","Address":"D61","Mode":0,"Description":null,"DataType":3,"Resolution":0,"IsScaling":false,"AImin":0,"AImax":0,"RLmin":0,"RLmax":0,"Offset":1},{"ChannelId":1,"DeviceId":1,"GroupId":1,"Id":63,"Name":"DW62","Address":"D62","Mode":0,"Description":null,"DataType":3,"Resolution":0,"IsScaling":false,"AImin":0,"AImax":0,"RLmin":0,"RLmax":0,"Offset":1},{"ChannelId":1,"DeviceId":1,"GroupId":1,"Id":64,"Name":"DW63","Address":"D63","Mode":0,"Description":null,"DataType":3,"Resolution":0,"IsScaling":false,"AImin":0,"AImax":0,"RLmin":0,"RLmax":0,"Offset":1},{"ChannelId":1,"DeviceId":1,"GroupId":1,"Id":65,"Name":"DW64","Address":"D64","Mode":0,"Description":null,"DataType":3,"Resolution":0,"IsScaling":false,"AImin":0,"AImax":0,"RLmin":0,"RLmax":0,"Offset":1},{"ChannelId":1,"DeviceId":1,"GroupId":1,"Id":66,"Name":"DW65","Address":"D65","Mode":0,"Description":null,"DataType":5,"Resolution":0,"IsScaling":false,"AImin":0,"AImax":0,"RLmin":0,"RLmax":0,"Offset":1},{"ChannelId":1,"DeviceId":1,"GroupId":1,"Id":67,"Name":"DD67","Address":"D67","Mode":0,"Description":null,"DataType":5,"Resolution":0,"IsScaling":false,"AImin":0,"AImax":0,"RLmin":0,"RLmax":0,"Offset":1},{"ChannelId":1,"DeviceId":1,"GroupId":1,"Id":68,"Name":"DD69","Address":"D69","Mode":0,"Description":null,"DataType":5,"Resolution":0,"IsScaling":false,"AImin":0,"AImax":0,"RLmin":0,"RLmax":0,"Offset":1},{"ChannelId":1,"DeviceId":1,"GroupId":1,"Id":69,"Name":"DD71","Address":"D71","Mode":0,"Description":null,"DataType":5,"Resolution":0,"IsScaling":false,"AImin":0,"AImax":0,"RLmin":0,"RLmax":0,"Offset":1},{"ChannelId":1,"DeviceId":1,"GroupId":1,"Id":70,"Name":"DD73","Address":"D73","Mode":0,"Description":null,"DataType":5,"Resolution":0,"IsScaling":false,"AImin":0,"AImax":0,"RLmin":0,"RLmax":0,"Offset":1},{"ChannelId":1,"DeviceId":1,"GroupId":1,"Id":71,"Name":"DD75","Address":"D75","Mode":0,"Description":null,"DataType":5,"Resolution":0,"IsScaling":false,"AImin":0,"AImax":0,"RLmin":0,"RLmax":0,"Offset":1},{"ChannelId":1,"DeviceId":1,"GroupId":1,"Id":72,"Name":"DD77","Address":"D77","Mode":0,"Description":null,"DataType":5,"Resolution":0,"IsScaling":false,"AImin":0,"AImax":0,"RLmin":0,"RLmax":0,"Offset":1},{"ChannelId":1,"DeviceId":1,"GroupId":1,"Id":73,"Name":"DD79","Address":"D79","Mode":0,"Description":null,"DataType":5,"Resolution":0,"IsScaling":false,"AImin":0,"AImax":0,"RLmin":0,"RLmax":0,"Offset":1},{"ChannelId":1,"DeviceId":1,"GroupId":1,"Id":74,"Name":"DD81","Address":"D81","Mode":0,"Description":null,"DataType":5,"Resolution":0,"IsScaling":false,"AImin":0,"AImax":0,"RLmin":0,"RLmax":0,"Offset":1},{"ChannelId":1,"DeviceId":1,"GroupId":1,"Id":75,"Name":"DD83","Address":"D83","Mode":0,"Description":null,"DataType":5,"Resolution":0,"IsScaling":false,"AImin":0,"AImax":0,"RLmin":0,"RLmax":0,"Offset":1},{"ChannelId":1,"DeviceId":1,"GroupId":1,"Id":76,"Name":"DD85","Address":"D85","Mode":0,"Description":null,"DataType":5,"Resolution":0,"IsScaling":false,"AImin":0,"AImax":0,"RLmin":0,"RLmax":0,"Offset":1},{"ChannelId":1,"DeviceId":1,"GroupId":1,"Id":77,"Name":"DD87","Address":"D87","Mode":0,"Description":null,"DataType":5,"Resolution":0,"IsScaling":false,"AImin":0,"AImax":0,"RLmin":0,"RLmax":0,"Offset":1},{"ChannelId":1,"DeviceId":1,"GroupId":1,"Id":78,"Name":"DD89","Address":"D89","Mode":0,"Description":null,"DataType":5,"Resolution":0,"IsScaling":false,"AImin":0,"AImax":0,"RLmin":0,"RLmax":0,"Offset":1},{"ChannelId":1,"DeviceId":1,"GroupId":1,"Id":79,"Name":"DD91","Address":"D91","Mode":0,"Description":null,"DataType":5,"Resolution":0,"IsScaling":false,"AImin":0,"AImax":0,"RLmin":0,"RLmax":0,"Offset":1},{"ChannelId":1,"DeviceId":1,"GroupId":1,"Id":80,"Name":"DD93","Address":"D93","Mode":0,"Description":null,"DataType":5,"Resolution":0,"IsScaling":false,"AImin":0,"AImax":0,"RLmin":0,"RLmax":0,"Offset":1},{"ChannelId":1,"DeviceId":1,"GroupId":1,"Id":81,"Name":"DD95","Address":"D95","Mode":0,"Description":null,"DataType":5,"Resolution":0,"IsScaling":false,"AImin":0,"AImax":0,"RLmin":0,"RLmax":0,"Offset":1},{"ChannelId":1,"DeviceId":1,"GroupId":1,"Id":82,"Name":"DD97","Address":"D97","Mode":0,"Description":null,"DataType":5,"Resolution":0,"IsScaling":false,"AImin":0,"AImax":0,"RLmin":0,"RLmax":0,"Offset":1},{"ChannelId":1,"DeviceId":1,"GroupId":1,"Id":83,"Name":"DD99","Address":"D99","Mode":0,"Description":null,"DataType":5,"Resolution":0,"IsScaling":false,"AImin":0,"AImax":0,"RLmin":0,"RLmax":0,"Offset":1},{"ChannelId":1,"DeviceId":1,"GroupId":1,"Id":84,"Name":"DD101","Address":"D101","Mode":0,"Description":null,"DataType":5,"Resolution":0,"IsScaling":false,"AImin":0,"AImax":0,"RLmin":0,"RLmax":0,"Offset":1},{"ChannelId":1,"DeviceId":1,"GroupId":1,"Id":85,"Name":"DD103","Address":"D103","Mode":0,"Description":null,"DataType":5,"Resolution":0,"IsScaling":false,"AImin":0,"AImax":0,"RLmin":0,"RLmax":0,"Offset":1},{"ChannelId":1,"DeviceId":1,"GroupId":1,"Id":86,"Name":"DD105","Address":"D105","Mode":0,"Description":null,"DataType":5,"Resolution":0,"IsScaling":false,"AImin":0,"AImax":0,"RLmin":0,"RLmax":0,"Offset":1},{"ChannelId":1,"DeviceId":1,"GroupId":1,"Id":87,"Name":"DD107","Address":"D107","Mode":0,"Description":null,"DataType":5,"Resolution":0,"IsScaling":false,"AImin":0,"AImax":0,"RLmin":0,"RLmax":0,"Offset":1},{"ChannelId":1,"DeviceId":1,"GroupId":1,"Id":88,"Name":"DD109","Address":"D109","Mode":0,"Description":null,"DataType":5,"Resolution":0,"IsScaling":false,"AImin":0,"AImax":0,"RLmin":0,"RLmax":0,"Offset":1},{"ChannelId":1,"DeviceId":1,"GroupId":1,"Id":89,"Name":"DD111","Address":"D111","Mode":0,"Description":null,"DataType":5,"Resolution":0,"IsScaling":false,"AImin":0,"AImax":0,"RLmin":0,"RLmax":0,"Offset":1},{"ChannelId":1,"DeviceId":1,"GroupId":1,"Id":90,"Name":"DD113","Address":"D113","Mode":0,"Description":null,"DataType":5,"Resolution":0,"IsScaling":false,"AImin":0,"AImax":0,"RLmin":0,"RLmax":0,"Offset":1},{"ChannelId":1,"DeviceId":1,"GroupId":1,"Id":91,"Name":"DD115","Address":"D115","Mode":0,"Description":null,"DataType":5,"Resolution":0,"IsScaling":false,"AImin":0,"AImax":0,"RLmin":0,"RLmax":0,"Offset":1},{"ChannelId":1,"DeviceId":1,"GroupId":1,"Id":92,"Name":"DD117","Address":"D117","Mode":0,"Description":null,"DataType":5,"Resolution":0,"IsScaling":false,"AImin":0,"AImax":0,"RLmin":0,"RLmax":0,"Offset":1},{"ChannelId":1,"DeviceId":1,"GroupId":1,"Id":93,"Name":"DD119","Address":"D119","Mode":0,"Description":null,"DataType":8,"Resolution":0,"IsScaling":false,"AImin":0,"AImax":0,"RLmin":0,"RLmax":0,"Offset":1},{"ChannelId":1,"DeviceId":1,"GroupId":1,"Id":94,"Name":"DD121","Address":"D121","Mode":0,"Description":null,"DataType":8,"Resolution":0,"IsScaling":false,"AImin":0,"AImax":0,"RLmin":0,"RLmax":0,"Offset":1},{"ChannelId":1,"DeviceId":1,"GroupId":1,"Id":95,"Name":"DD123","Address":"D123","Mode":0,"Description":null,"DataType":8,"Resolution":0,"IsScaling":false,"AImin":0,"AImax":0,"RLmin":0,"RLmax":0,"Offset":1},{"ChannelId":1,"DeviceId":1,"GroupId":1,"Id":96,"Name":"DD125","Address":"D125","Mode":0,"Description":null,"DataType":8,"Resolution":0,"IsScaling":false,"AImin":0,"AImax":0,"RLmin":0,"RLmax":0,"Offset":1},{"ChannelId":1,"DeviceId":1,"GroupId":1,"Id":97,"Name":"DD127","Address":"D127","Mode":0,"Description":null,"DataType":8,"Resolution":0,"IsScaling":false,"AImin":0,"AImax":0,"RLmin":0,"RLmax":0,"Offset":1},{"ChannelId":1,"DeviceId":1,"GroupId":1,"Id":98,"Name":"DD129","Address":"D129","Mode":0,"Description":null,"DataType":8,"Resolution":0,"IsScaling":false,"AImin":0,"AImax":0,"RLmin":0,"RLmax":0,"Offset":1},{"ChannelId":1,"DeviceId":1,"GroupId":1,"Id":99,"Name":"DD131","Address":"D131","Mode":0,"Description":null,"DataType":8,"Resolution":0,"IsScaling":false,"AImin":0,"AImax":0,"RLmin":0,"RLmax":0,"Offset":1},{"ChannelId":1,"DeviceId":1,"GroupId":1,"Id":100,"Name":"DD133","Address":"D133","Mode":0,"Description":null,"DataType":8,"Resolution":0,"IsScaling":false,"AImin":0,"AImax":0,"RLmin":0,"RLmax":0,"Offset":1},{"ChannelId":1,"DeviceId":1,"GroupId":1,"Id":101,"Name":"DD135","Address":"D135","Mode":0,"Description":null,"DataType":8,"Resolution":0,"IsScaling":false,"AImin":0,"AImax":0,"RLmin":0,"RLmax":0,"Offset":1},{"ChannelId":1,"DeviceId":1,"GroupId":1,"Id":102,"Name":"DD137","Address":"D137","Mode":0,"Description":null,"DataType":8,"Resolution":0,"IsScaling":false,"AImin":0,"AImax":0,"RLmin":0,"RLmax":0,"Offset":1},{"ChannelId":1,"DeviceId":1,"GroupId":1,"Id":103,"Name":"DD139","Address":"D139","Mode":0,"Description":null,"DataType":8,"Resolution":0,"IsScaling":false,"AImin":0,"AImax":0,"RLmin":0,"RLmax":0,"Offset":1},{"ChannelId":1,"DeviceId":1,"GroupId":1,"Id":104,"Name":"DD141","Address":"D141","Mode":0,"Description":null,"DataType":8,"Resolution":0,"IsScaling":false,"AImin":0,"AImax":0,"RLmin":0,"RLmax":0,"Offset":1},{"ChannelId":1,"DeviceId":1,"GroupId":1,"Id":105,"Name":"DD143","Address":"D143","Mode":0,"Description":null,"DataType":8,"Resolution":0,"IsScaling":false,"AImin":0,"AImax":0,"RLmin":0,"RLmax":0,"Offset":1},{"ChannelId":1,"DeviceId":1,"GroupId":1,"Id":106,"Name":"DD145","Address":"D145","Mode":0,"Description":null,"DataType":8,"Resolution":0,"IsScaling":false,"AImin":0,"AImax":0,"RLmin":0,"RLmax":0,"Offset":1},{"ChannelId":1,"DeviceId":1,"GroupId":1,"Id":107,"Name":"DD147","Address":"D147","Mode":0,"Description":null,"DataType":8,"Resolution":0,"IsScaling":false,"AImin":0,"AImax":0,"RLmin":0,"RLmax":0,"Offset":1},{"ChannelId":1,"DeviceId":1,"GroupId":1,"Id":108,"Name":"DD149","Address":"D149","Mode":0,"Description":null,"DataType":8,"Resolution":0,"IsScaling":false,"AImin":0,"AImax":0,"RLmin":0,"RLmax":0,"Offset":1},{"ChannelId":1,"DeviceId":1,"GroupId":1,"Id":109,"Name":"DD151","Address":"D151","Mode":0,"Description":null,"DataType":8,"Resolution":0,"IsScaling":false,"AImin":0,"AImax":0,"RLmin":0,"RLmax":0,"Offset":1},{"ChannelId":1,"DeviceId":1,"GroupId":1,"Id":110,"Name":"DD153","Address":"D153","Mode":0,"Description":null,"DataType":8,"Resolution":0,"IsScaling":false,"AImin":0,"AImax":0,"RLmin":0,"RLmax":0,"Offset":1},{"ChannelId":1,"DeviceId":1,"GroupId":1,"Id":111,"Name":"DD155","Address":"D155","Mode":0,"Description":null,"DataType":8,"Resolution":0,"IsScaling":false,"AImin":0,"AImax":0,"RLmin":0,"RLmax":0,"Offset":1},{"ChannelId":1,"DeviceId":1,"GroupId":1,"Id":112,"Name":"DD157","Address":"D157","Mode":0,"Description":null,"DataType":8,"Resolution":0,"IsScaling":false,"AImin":0,"AImax":0,"RLmin":0,"RLmax":0,"Offset":1},{"ChannelId":1,"DeviceId":1,"GroupId":1,"Id":113,"Name":"DD159","Address":"D159","Mode":0,"Description":null,"DataType":8,"Resolution":0,"IsScaling":false,"AImin":0,"AImax":0,"RLmin":0,"RLmax":0,"Offset":1},{"ChannelId":1,"DeviceId":1,"GroupId":1,"Id":114,"Name":"DD161","Address":"D161","Mode":0,"Description":null,"DataType":8,"Resolution":0,"IsScaling":false,"AImin":0,"AImax":0,"RLmin":0,"RLmax":0,"Offset":1},{"ChannelId":1,"DeviceId":1,"GroupId":1,"Id":115,"Name":"DD163","Address":"D163","Mode":0,"Description":null,"DataType":8,"Resolution":0,"IsScaling":false,"AImin":0,"AImax":0,"RLmin":0,"RLmax":0,"Offset":1},{"ChannelId":1,"DeviceId":1,"GroupId":1,"Id":116,"Name":"DD165","Address":"D165","Mode":0,"Description":null,"DataType":8,"Resolution":0,"IsScaling":false,"AImin":0,"AImax":0,"RLmin":0,"RLmax":0,"Offset":1},{"ChannelId":1,"DeviceId":1,"GroupId":1,"Id":117,"Name":"DD167","Address":"D167","Mode":0,"Description":null,"DataType":7,"Resolution":0,"IsScaling":false,"AImin":0,"AImax":0,"RLmin":0,"RLmax":0,"Offset":1},{"ChannelId":1,"DeviceId":1,"GroupId":1,"Id":118,"Name":"DD169","Address":"D169","Mode":0,"Description":null,"DataType":7,"Resolution":0,"IsScaling":false,"AImin":0,"AImax":0,"RLmin":0,"RLmax":0,"Offset":1},{"ChannelId":1,"DeviceId":1,"GroupId":1,"Id":119,"Name":"DD171","Address":"D171","Mode":0,"Description":null,"DataType":7,"Resolution":0,"IsScaling":false,"AImin":0,"AImax":0,"RLmin":0,"RLmax":0,"Offset":1},{"ChannelId":1,"DeviceId":1,"GroupId":1,"Id":120,"Name":"DD173","Address":"D173","Mode":0,"Description":null,"DataType":7,"Resolution":0,"IsScaling":false,"AImin":0,"AImax":0,"RLmin":0,"RLmax":0,"Offset":1},{"ChannelId":1,"DeviceId":1,"GroupId":1,"Id":121,"Name":"DD175","Address":"D175","Mode":0,"Description":null,"DataType":7,"Resolution":0,"IsScaling":false,"AImin":0,"AImax":0,"RLmin":0,"RLmax":0,"Offset":1},{"ChannelId":1,"DeviceId":1,"GroupId":1,"Id":122,"Name":"DD177","Address":"D177","Mode":0,"Description":null,"DataType":7,"Resolution":0,"IsScaling":false,"AImin":0,"AImax":0,"RLmin":0,"RLmax":0,"Offset":1},{"ChannelId":1,"DeviceId":1,"GroupId":1,"Id":123,"Name":"DD179","Address":"D179","Mode":0,"Description":null,"DataType":7,"Resolution":0,"IsScaling":false,"AImin":0,"AImax":0,"RLmin":0,"RLmax":0,"Offset":1},{"ChannelId":1,"DeviceId":1,"GroupId":1,"Id":124,"Name":"DD181","Address":"D181","Mode":0,"Description":null,"DataType":7,"Resolution":0,"IsScaling":false,"AImin":0,"AImax":0,"RLmin":0,"RLmax":0,"Offset":1},{"ChannelId":1,"DeviceId":1,"GroupId":1,"Id":125,"Name":"DD183","Address":"D183","Mode":0,"Description":null,"DataType":7,"Resolution":0,"IsScaling":false,"AImin":0,"AImax":0,"RLmin":0,"RLmax":0,"Offset":1},{"ChannelId":1,"DeviceId":1,"GroupId":1,"Id":126,"Name":"DD185","Address":"D185","Mode":0,"Description":null,"DataType":7,"Resolution":0,"IsScaling":false,"AImin":0,"AImax":0,"RLmin":0,"RLmax":0,"Offset":1},{"ChannelId":1,"DeviceId":1,"GroupId":1,"Id":127,"Name":"DD187","Address":"D187","Mode":0,"Description":null,"DataType":7,"Resolution":0,"IsScaling":false,"AImin":0,"AImax":0,"RLmin":0,"RLmax":0,"Offset":1},{"ChannelId":1,"DeviceId":1,"GroupId":1,"Id":128,"Name":"DD189","Address":"D189","Mode":0,"Description":null,"DataType":7,"Resolution":0,"IsScaling":false,"AImin":0,"AImax":0,"RLmin":0,"RLmax":0,"Offset":1},{"ChannelId":1,"DeviceId":1,"GroupId":1,"Id":129,"Name":"DD191","Address":"D191","Mode":0,"Description":null,"DataType":7,"Resolution":0,"IsScaling":false,"AImin":0,"AImax":0,"RLmin":0,"RLmax":0,"Offset":1},{"ChannelId":1,"DeviceId":1,"GroupId":1,"Id":130,"Name":"DD193","Address":"D193","Mode":0,"Description":null,"DataType":7,"Resolution":0,"IsScaling":false,"AImin":0,"AImax":0,"RLmin":0,"RLmax":0,"Offset":1},{"ChannelId":1,"DeviceId":1,"GroupId":1,"Id":131,"Name":"DD195","Address":"D195","Mode":0,"Description":null,"DataType":7,"Resolution":0,"IsScaling":false,"AImin":0,"AImax":0,"RLmin":0,"RLmax":0,"Offset":1},{"ChannelId":1,"DeviceId":1,"GroupId":1,"Id":132,"Name":"DD197","Address":"D197","Mode":0,"Description":null,"DataType":7,"Resolution":0,"IsScaling":false,"AImin":0,"AImax":0,"RLmin":0,"RLmax":0,"Offset":1},{"ChannelId":1,"DeviceId":1,"GroupId":1,"Id":133,"Name":"DD199","Address":"D199","Mode":0,"Description":null,"DataType":7,"Resolution":0,"IsScaling":false,"AImin":0,"AImax":0,"RLmin":0,"RLmax":0,"Offset":1},{"ChannelId":1,"DeviceId":1,"GroupId":1,"Id":134,"Name":"DD201","Address":"D201","Mode":0,"Description":null,"DataType":7,"Resolution":0,"IsScaling":false,"AImin":0,"AImax":0,"RLmin":0,"RLmax":0,"Offset":1},{"ChannelId":1,"DeviceId":1,"GroupId":1,"Id":135,"Name":"DD203","Address":"D203","Mode":0,"Description":null,"DataType":7,"Resolution":0,"IsScaling":false,"AImin":0,"AImax":0,"RLmin":0,"RLmax":0,"Offset":1},{"ChannelId":1,"DeviceId":1,"GroupId":1,"Id":136,"Name":"DD205","Address":"D205","Mode":0,"Description":null,"DataType":7,"Resolution":0,"IsScaling":false,"AImin":0,"AImax":0,"RLmin":0,"RLmax":0,"Offset":1},{"ChannelId":1,"DeviceId":1,"GroupId":1,"Id":137,"Name":"DD207","Address":"D207","Mode":0,"Description":null,"DataType":7,"Resolution":0,"IsScaling":false,"AImin":0,"AImax":0,"RLmin":0,"RLmax":0,"Offset":1},{"ChannelId":1,"DeviceId":1,"GroupId":1,"Id":138,"Name":"DD209","Address":"D209","Mode":0,"Description":null,"DataType":7,"Resolution":0,"IsScaling":false,"AImin":0,"AImax":0,"RLmin":0,"RLmax":0,"Offset":1},{"ChannelId":1,"DeviceId":1,"GroupId":1,"Id":139,"Name":"DD211","Address":"D211","Mode":0,"Description":null,"DataType":7,"Resolution":0,"IsScaling":false,"AImin":0,"AImax":0,"RLmin":0,"RLmax":0,"Offset":1},{"ChannelId":1,"DeviceId":1,"GroupId":1,"Id":140,"Name":"DD213","Address":"D213","Mode":0,"Description":null,"DataType":7,"Resolution":0,"IsScaling":false,"AImin":0,"AImax":0,"RLmin":0,"RLmax":0,"Offset":1},{"ChannelId":1,"DeviceId":1,"GroupId":1,"Id":141,"Name":"DD215","Address":"D215","Mode":0,"Description":null,"DataType":7,"Resolution":0,"IsScaling":false,"AImin":0,"AImax":0,"RLmin":0,"RLmax":0,"Offset":1},{"ChannelId":1,"DeviceId":1,"GroupId":1,"Id":142,"Name":"DD217","Address":"D217","Mode":0,"Description":null,"DataType":7,"Resolution":0,"IsScaling":false,"AImin":0,"AImax":0,"RLmin":0,"RLmax":0,"Offset":1},{"ChannelId":1,"DeviceId":1,"GroupId":1,"Id":143,"Name":"DD219","Address":"D219","Mode":0,"Description":null,"DataType":7,"Resolution":0,"IsScaling":false,"AImin":0,"AImax":0,"RLmin":0,"RLmax":0,"Offset":1},{"ChannelId":1,"DeviceId":1,"GroupId":1,"Id":144,"Name":"DD221","Address":"D221","Mode":0,"Description":null,"DataType":7,"Resolution":0,"IsScaling":false,"AImin":0,"AImax":0,"RLmin":0,"RLmax":0,"Offset":1},{"ChannelId":1,"DeviceId":1,"GroupId":1,"Id":145,"Name":"DD223","Address":"D223","Mode":0,"Description":null,"DataType":7,"Resolution":0,"IsScaling":false,"AImin":0,"AImax":0,"RLmin":0,"RLmax":0,"Offset":1},{"ChannelId":1,"DeviceId":1,"GroupId":1,"Id":146,"Name":"DD225","Address":"D225","Mode":0,"Description":null,"DataType":7,"Resolution":0,"IsScaling":false,"AImin":0,"AImax":0,"RLmin":0,"RLmax":0,"Offset":1},{"ChannelId":1,"DeviceId":1,"GroupId":1,"Id":147,"Name":"DD227","Address":"D227","Mode":0,"Description":null,"DataType":7,"Resolution":0,"IsScaling":false,"AImin":0,"AImax":0,"RLmin":0,"RLmax":0,"Offset":1},{"ChannelId":1,"DeviceId":1,"GroupId":1,"Id":148,"Name":"DD229","Address":"D229","Mode":0,"Description":null,"DataType":7,"Resolution":0,"IsScaling":false,"AImin":0,"AImax":0,"RLmin":0,"RLmax":0,"Offset":1},{"ChannelId":1,"DeviceId":1,"GroupId":1,"Id":149,"Name":"DD231","Address":"D231","Mode":0,"Description":null,"DataType":7,"Resolution":0,"IsScaling":false,"AImin":0,"AImax":0,"RLmin":0,"RLmax":0,"Offset":1},{"ChannelId":1,"DeviceId":1,"GroupId":1,"Id":150,"Name":"DD233","Address":"D233","Mode":0,"Description":null,"DataType":7,"Resolution":0,"IsScaling":false,"AImin":0,"AImax":0,"RLmin":0,"RLmax":0,"Offset":1},{"ChannelId":1,"DeviceId":1,"GroupId":1,"Id":151,"Name":"DD235","Address":"D235","Mode":0,"Description":null,"DataType":7,"Resolution":0,"IsScaling":false,"AImin":0,"AImax":0,"RLmin":0,"RLmax":0,"Offset":1},{"ChannelId":1,"DeviceId":1,"GroupId":1,"Id":152,"Name":"DD237","Address":"D237","Mode":0,"Description":null,"DataType":7,"Resolution":0,"IsScaling":false,"AImin":0,"AImax":0,"RLmin":0,"RLmax":0,"Offset":1},{"ChannelId":1,"DeviceId":1,"GroupId":1,"Id":153,"Name":"DD239","Address":"D239","Mode":0,"Description":null,"DataType":7,"Resolution":0,"IsScaling":false,"AImin":0,"AImax":0,"RLmin":0,"RLmax":0,"Offset":1},{"ChannelId":1,"DeviceId":1,"GroupId":1,"Id":154,"Name":"DD241","Address":"D241","Mode":0,"Description":null,"DataType":7,"Resolution":0,"IsScaling":false,"AImin":0,"AImax":0,"RLmin":0,"RLmax":0,"Offset":1},{"ChannelId":1,"DeviceId":1,"GroupId":1,"Id":155,"Name":"DD243","Address":"D243","Mode":0,"Description":null,"DataType":7,"Resolution":0,"IsScaling":false,"AImin":0,"AImax":0,"RLmin":0,"RLmax":0,"Offset":1},{"ChannelId":1,"DeviceId":1,"GroupId":1,"Id":156,"Name":"DD245","Address":"D245","Mode":0,"Description":null,"DataType":7,"Resolution":0,"IsScaling":false,"AImin":0,"AImax":0,"RLmin":0,"RLmax":0,"Offset":1},{"ChannelId":1,"DeviceId":1,"GroupId":1,"Id":157,"Name":"DD247","Address":"D247","Mode":0,"Description":null,"DataType":7,"Resolution":0,"IsScaling":false,"AImin":0,"AImax":0,"RLmin":0,"RLmax":0,"Offset":1},{"ChannelId":1,"DeviceId":1,"GroupId":1,"Id":158,"Name":"DD249","Address":"D249","Mode":0,"Description":null,"DataType":7,"Resolution":0,"IsScaling":false,"AImin":0,"AImax":0,"RLmin":0,"RLmax":0,"Offset":1},{"ChannelId":1,"DeviceId":1,"GroupId":1,"Id":159,"Name":"DD251","Address":"D251","Mode":0,"Description":null,"DataType":7,"Resolution":0,"IsScaling":false,"AImin":0,"AImax":0,"RLmin":0,"RLmax":0,"Offset":1},{"ChannelId":1,"DeviceId":1,"GroupId":1,"Id":160,"Name":"DD253","Address":"D253","Mode":0,"Description":null,"DataType":7,"Resolution":0,"IsScaling":false,"AImin":0,"AImax":0,"RLmin":0,"RLmax":0,"Offset":1},{"ChannelId":1,"DeviceId":1,"GroupId":1,"Id":161,"Name":"DD255","Address":"D255","Mode":0,"Description":null,"DataType":7,"Resolution":0,"IsScaling":false,"AImin":0,"AImax":0,"RLmin":0,"RLmax":0,"Offset":1},{"ChannelId":1,"DeviceId":1,"GroupId":1,"Id":162,"Name":"DD257","Address":"D257","Mode":0,"Description":null,"DataType":7,"Resolution":0,"IsScaling":false,"AImin":0,"AImax":0,"RLmin":0,"RLmax":0,"Offset":1},{"ChannelId":1,"DeviceId":1,"GroupId":1,"Id":163,"Name":"DD259","Address":"D259","Mode":0,"Description":null,"DataType":7,"Resolution":0,"IsScaling":false,"AImin":0,"AImax":0,"RLmin":0,"RLmax":0,"Offset":1},{"ChannelId":1,"DeviceId":1,"GroupId":1,"Id":164,"Name":"DD261","Address":"D261","Mode":0,"Description":null,"DataType":7,"Resolution":0,"IsScaling":false,"AImin":0,"AImax":0,"RLmin":0,"RLmax":0,"Offset":1},{"ChannelId":1,"DeviceId":1,"GroupId":1,"Id":165,"Name":"DD263","Address":"D263","Mode":0,"Description":null,"DataType":7,"Resolution":0,"IsScaling":false,"AImin":0,"AImax":0,"RLmin":0,"RLmax":0,"Offset":1},{"ChannelId":1,"DeviceId":1,"GroupId":1,"Id":166,"Name":"DD265","Address":"D265","Mode":0,"Description":null,"DataType":7,"Resolution":0,"IsScaling":false,"AImin":0,"AImax":0,"RLmin":0,"RLmax":0,"Offset":1},{"ChannelId":1,"DeviceId":1,"GroupId":1,"Id":167,"Name":"DD267","Address":"D267","Mode":0,"Description":null,"DataType":7,"Resolution":0,"IsScaling":false,"AImin":0,"AImax":0,"RLmin":0,"RLmax":0,"Offset":1},{"ChannelId":1,"DeviceId":1,"GroupId":1,"Id":168,"Name":"DD269","Address":"D269","Mode":0,"Description":null,"DataType":7,"Resolution":0,"IsScaling":false,"AImin":0,"AImax":0,"RLmin":0,"RLmax":0,"Offset":1},{"ChannelId":1,"DeviceId":1,"GroupId":1,"Id":169,"Name":"DD271","Address":"D271","Mode":0,"Description":null,"DataType":7,"Resolution":0,"IsScaling":false,"AImin":0,"AImax":0,"RLmin":0,"RLmax":0,"Offset":1},{"ChannelId":1,"DeviceId":1,"GroupId":1,"Id":170,"Name":"DD273","Address":"D273","Mode":0,"Description":null,"DataType":7,"Resolution":0,"IsScaling":false,"AImin":0,"AImax":0,"RLmin":0,"RLmax":0,"Offset":1},{"ChannelId":1,"DeviceId":1,"GroupId":1,"Id":171,"Name":"DD275","Address":"D275","Mode":0,"Description":null,"DataType":2,"Resolution":0,"IsScaling":false,"AImin":0,"AImax":0,"RLmin":0,"RLmax":0,"Offset":1},{"ChannelId":1,"DeviceId":1,"GroupId":1,"Id":172,"Name":"DW276","Address":"D276","Mode":0,"Description":null,"DataType":15,"Resolution":64,"IsScaling":false,"AImin":0,"AImax":0,"RLmin":0,"RLmax":0,"Offset":1},{"ChannelId":1,"DeviceId":1,"GroupId":1,"Id":173,"Name":"DSTRG340","Address":"D340","Mode":0,"Description":null,"DataType":15,"Resolution":128,"IsScaling":false,"AImin":0,"AImax":0,"RLmin":0,"RLmax":0,"Offset":1},{"ChannelId":1,"DeviceId":1,"GroupId":1,"Id":174,"Name":"DSTRG468","Address":"D468","Mode":0,"Description":null,"DataType":15,"Resolution":128,"IsScaling":false,"AImin":0,"AImax":0,"RLmin":0,"RLmax":0,"Offset":1}]},{"ChannelId":1,"DeviceId":1,"Id":2,"Name":"OUT","Description":null,"Tags":[{"ChannelId":1,"DeviceId":1,"GroupId":2,"Id":1,"Name":"YW0","Address":"Y0","Mode":0,"Description":null,"DataType":4,"Resolution":0,"IsScaling":false,"AImin":0,"AImax":0,"RLmin":0,"RLmax":0,"Offset":1},{"ChannelId":1,"DeviceId":1,"GroupId":2,"Id":2,"Name":"YW10","Address":"Y10","Mode":0,"Description":null,"DataType":4,"Resolution":0,"IsScaling":false,"AImin":0,"AImax":0,"RLmin":0,"RLmax":0,"Offset":1},{"ChannelId":1,"DeviceId":1,"GroupId":2,"Id":3,"Name":"YW20","Address":"Y20","Mode":0,"Description":null,"DataType":4,"Resolution":0,"IsScaling":false,"AImin":0,"AImax":0,"RLmin":0,"RLmax":0,"Offset":1},{"ChannelId":1,"DeviceId":1,"GroupId":2,"Id":4,"Name":"YW30","Address":"Y30","Mode":0,"Description":null,"DataType":4,"Resolution":0,"IsScaling":false,"AImin":0,"AImax":0,"RLmin":0,"RLmax":0,"Offset":1},{"ChannelId":1,"DeviceId":1,"GroupId":2,"Id":5,"Name":"Y0","Address":"Y0","Mode":0,"Description":null,"DataType":0,"Resolution":0,"IsScaling":false,"AImin":0,"AImax":0,"RLmin":0,"RLmax":0,"Offset":1},{"ChannelId":1,"DeviceId":1,"GroupId":2,"Id":6,"Name":"Y1","Address":"Y1","Mode":0,"Description":null,"DataType":0,"Resolution":0,"IsScaling":false,"AImin":0,"AImax":0,"RLmin":0,"RLmax":0,"Offset":1},{"ChannelId":1,"DeviceId":1,"GroupId":2,"Id":7,"Name":"Y2","Address":"Y2","Mode":0,"Description":null,"DataType":0,"Resolution":0,"IsScaling":false,"AImin":0,"AImax":0,"RLmin":0,"RLmax":0,"Offset":1},{"ChannelId":1,"DeviceId":1,"GroupId":2,"Id":8,"Name":"Y3","Address":"Y3","Mode":0,"Description":null,"DataType":0,"Resolution":0,"IsScaling":false,"AImin":0,"AImax":0,"RLmin":0,"RLmax":0,"Offset":1},{"ChannelId":1,"DeviceId":1,"GroupId":2,"Id":9,"Name":"Y4","Address":"Y4","Mode":0,"Description":null,"DataType":0,"Resolution":0,"IsScaling":false,"AImin":0,"AImax":0,"RLmin":0,"RLmax":0,"Offset":1},{"ChannelId":1,"DeviceId":1,"GroupId":2,"Id":10,"Name":"Y5","Address":"Y5","Mode":0,"Description":null,"DataType":0,"Resolution":0,"IsScaling":false,"AImin":0,"AImax":0,"RLmin":0,"RLmax":0,"Offset":1},{"ChannelId":1,"DeviceId":1,"GroupId":2,"Id":11,"Name":"Y6","Address":"Y6","Mode":0,"Description":null,"DataType":0,"Resolution":0,"IsScaling":false,"AImin":0,"AImax":0,"RLmin":0,"RLmax":0,"Offset":1},{"ChannelId":1,"DeviceId":1,"GroupId":2,"Id":12,"Name":"Y7","Address":"Y7","Mode":0,"Description":null,"DataType":0,"Resolution":0,"IsScaling":false,"AImin":0,"AImax":0,"RLmin":0,"RLmax":0,"Offset":1},{"ChannelId":1,"DeviceId":1,"GroupId":2,"Id":13,"Name":"Y8","Address":"Y8","Mode":0,"Description":null,"DataType":0,"Resolution":0,"IsScaling":false,"AImin":0,"AImax":0,"RLmin":0,"RLmax":0,"Offset":1},{"ChannelId":1,"DeviceId":1,"GroupId":2,"Id":14,"Name":"Y9","Address":"Y9","Mode":0,"Description":null,"DataType":0,"Resolution":0,"IsScaling":false,"AImin":0,"AImax":0,"RLmin":0,"RLmax":0,"Offset":1},{"ChannelId":1,"DeviceId":1,"GroupId":2,"Id":15,"Name":"YA","Address":"YA","Mode":0,"Description":null,"DataType":0,"Resolution":0,"IsScaling":false,"AImin":0,"AImax":0,"RLmin":0,"RLmax":0,"Offset":1},{"ChannelId":1,"DeviceId":1,"GroupId":2,"Id":16,"Name":"YB","Address":"YB","Mode":0,"Description":null,"DataType":0,"Resolution":0,"IsScaling":false,"AImin":0,"AImax":0,"RLmin":0,"RLmax":0,"Offset":1},{"ChannelId":1,"DeviceId":1,"GroupId":2,"Id":17,"Name":"YC","Address":"YC","Mode":0,"Description":null,"DataType":0,"Resolution":0,"IsScaling":false,"AImin":0,"AImax":0,"RLmin":0,"RLmax":0,"Offset":1},{"ChannelId":1,"DeviceId":1,"GroupId":2,"Id":18,"Name":"YD","Address":"YD","Mode":0,"Description":null,"DataType":0,"Resolution":0,"IsScaling":false,"AImin":0,"AImax":0,"RLmin":0,"RLmax":0,"Offset":1},{"ChannelId":1,"DeviceId":1,"GroupId":2,"Id":19,"Name":"YE","Address":"YE","Mode":0,"Description":null,"DataType":0,"Resolution":0,"IsScaling":false,"AImin":0,"AImax":0,"RLmin":0,"RLmax":0,"Offset":1},{"ChannelId":1,"DeviceId":1,"GroupId":2,"Id":20,"Name":"YF","Address":"YF","Mode":0,"Description":null,"DataType":0,"Resolution":0,"IsScaling":false,"AImin":0,"AImax":0,"RLmin":0,"RLmax":0,"Offset":1},{"ChannelId":1,"DeviceId":1,"GroupId":2,"Id":21,"Name":"Y10","Address":"Y10","Mode":0,"Description":null,"DataType":0,"Resolution":0,"IsScaling":false,"AImin":0,"AImax":0,"RLmin":0,"RLmax":0,"Offset":1},{"ChannelId":1,"DeviceId":1,"GroupId":2,"Id":22,"Name":"Y11","Address":"Y11","Mode":0,"Description":null,"DataType":0,"Resolution":0,"IsScaling":false,"AImin":0,"AImax":0,"RLmin":0,"RLmax":0,"Offset":1},{"ChannelId":1,"DeviceId":1,"GroupId":2,"Id":23,"Name":"Y12","Address":"Y12","Mode":0,"Description":null,"DataType":0,"Resolution":0,"IsScaling":false,"AImin":0,"AImax":0,"RLmin":0,"RLmax":0,"Offset":1},{"ChannelId":1,"DeviceId":1,"GroupId":2,"Id":24,"Name":"Y13","Address":"Y13","Mode":0,"Description":null,"DataType":0,"Resolution":0,"IsScaling":false,"AImin":0,"AImax":0,"RLmin":0,"RLmax":0,"Offset":1},{"ChannelId":1,"DeviceId":1,"GroupId":2,"Id":25,"Name":"Y14","Address":"Y14","Mode":0,"Description":null,"DataType":0,"Resolution":0,"IsScaling":false,"AImin":0,"AImax":0,"RLmin":0,"RLmax":0,"Offset":1},{"ChannelId":1,"DeviceId":1,"GroupId":2,"Id":26,"Name":"Y15","Address":"Y15","Mode":0,"Description":null,"DataType":0,"Resolution":0,"IsScaling":false,"AImin":0,"AImax":0,"RLmin":0,"RLmax":0,"Offset":1},{"ChannelId":1,"DeviceId":1,"GroupId":2,"Id":27,"Name":"Y16","Address":"Y16","Mode":0,"Description":null,"DataType":0,"Resolution":0,"IsScaling":false,"AImin":0,"AImax":0,"RLmin":0,"RLmax":0,"Offset":1},{"ChannelId":1,"DeviceId":1,"GroupId":2,"Id":28,"Name":"Y17","Address":"Y17","Mode":0,"Description":null,"DataType":0,"Resolution":0,"IsScaling":false,"AImin":0,"AImax":0,"RLmin":0,"RLmax":0,"Offset":1},{"ChannelId":1,"DeviceId":1,"GroupId":2,"Id":29,"Name":"Y18","Address":"Y18","Mode":0,"Description":null,"DataType":0,"Resolution":0,"IsScaling":false,"AImin":0,"AImax":0,"RLmin":0,"RLmax":0,"Offset":1},{"ChannelId":1,"DeviceId":1,"GroupId":2,"Id":30,"Name":"Y19","Address":"Y19","Mode":0,"Description":null,"DataType":0,"Resolution":0,"IsScaling":false,"AImin":0,"AImax":0,"RLmin":0,"RLmax":0,"Offset":1},{"ChannelId":1,"DeviceId":1,"GroupId":2,"Id":31,"Name":"Y1A","Address":"Y1A","Mode":0,"Description":null,"DataType":0,"Resolution":0,"IsScaling":false,"AImin":0,"AImax":0,"RLmin":0,"RLmax":0,"Offset":1},{"ChannelId":1,"DeviceId":1,"GroupId":2,"Id":32,"Name":"Y1B","Address":"Y1B","Mode":0,"Description":null,"DataType":0,"Resolution":0,"IsScaling":false,"AImin":0,"AImax":0,"RLmin":0,"RLmax":0,"Offset":1},{"ChannelId":1,"DeviceId":1,"GroupId":2,"Id":33,"Name":"Y1C","Address":"Y1C","Mode":0,"Description":null,"DataType":0,"Resolution":0,"IsScaling":false,"AImin":0,"AImax":0,"RLmin":0,"RLmax":0,"Offset":1},{"ChannelId":1,"DeviceId":1,"GroupId":2,"Id":34,"Name":"Y1D","Address":"Y1D","Mode":0,"Description":null,"DataType":0,"Resolution":0,"IsScaling":false,"AImin":0,"AImax":0,"RLmin":0,"RLmax":0,"Offset":1},{"ChannelId":1,"DeviceId":1,"GroupId":2,"Id":35,"Name":"Y1E","Address":"Y1E","Mode":0,"Description":null,"DataType":0,"Resolution":0,"IsScaling":false,"AImin":0,"AImax":0,"RLmin":0,"RLmax":0,"Offset":1},{"ChannelId":1,"DeviceId":1,"GroupId":2,"Id":36,"Name":"Y1F","Address":"Y1F","Mode":0,"Description":null,"DataType":0,"Resolution":0,"IsScaling":false,"AImin":0,"AImax":0,"RLmin":0,"RLmax":0,"Offset":1},{"ChannelId":1,"DeviceId":1,"GroupId":2,"Id":37,"Name":"Y20","Address":"Y20","Mode":0,"Description":null,"DataType":0,"Resolution":0,"IsScaling":false,"AImin":0,"AImax":0,"RLmin":0,"RLmax":0,"Offset":1},{"ChannelId":1,"DeviceId":1,"GroupId":2,"Id":38,"Name":"Y21","Address":"Y21","Mode":0,"Description":null,"DataType":0,"Resolution":0,"IsScaling":false,"AImin":0,"AImax":0,"RLmin":0,"RLmax":0,"Offset":1},{"ChannelId":1,"DeviceId":1,"GroupId":2,"Id":39,"Name":"Y22","Address":"Y22","Mode":0,"Description":null,"DataType":0,"Resolution":0,"IsScaling":false,"AImin":0,"AImax":0,"RLmin":0,"RLmax":0,"Offset":1},{"ChannelId":1,"DeviceId":1,"GroupId":2,"Id":40,"Name":"Y23","Address":"Y23","Mode":0,"Description":null,"DataType":0,"Resolution":0,"IsScaling":false,"AImin":0,"AImax":0,"RLmin":0,"RLmax":0,"Offset":1},{"ChannelId":1,"DeviceId":1,"GroupId":2,"Id":41,"Name":"Y24","Address":"Y24","Mode":0,"Description":null,"DataType":0,"Resolution":0,"IsScaling":false,"AImin":0,"AImax":0,"RLmin":0,"RLmax":0,"Offset":1},{"ChannelId":1,"DeviceId":1,"GroupId":2,"Id":42,"Name":"Y25","Address":"Y25","Mode":0,"Description":null,"DataType":0,"Resolution":0,"IsScaling":false,"AImin":0,"AImax":0,"RLmin":0,"RLmax":0,"Offset":1},{"ChannelId":1,"DeviceId":1,"GroupId":2,"Id":43,"Name":"Y26","Address":"Y26","Mode":0,"Description":null,"DataType":0,"Resolution":0,"IsScaling":false,"AImin":0,"AImax":0,"RLmin":0,"RLmax":0,"Offset":1},{"ChannelId":1,"DeviceId":1,"GroupId":2,"Id":44,"Name":"Y27","Address":"Y27","Mode":0,"Description":null,"DataType":0,"Resolution":0,"IsScaling":false,"AImin":0,"AImax":0,"RLmin":0,"RLmax":0,"Offset":1},{"ChannelId":1,"DeviceId":1,"GroupId":2,"Id":45,"Name":"Y28","Address":"Y28","Mode":0,"Description":null,"DataType":0,"Resolution":0,"IsScaling":false,"AImin":0,"AImax":0,"RLmin":0,"RLmax":0,"Offset":1},{"ChannelId":1,"DeviceId":1,"GroupId":2,"Id":46,"Name":"Y29","Address":"Y29","Mode":0,"Description":null,"DataType":0,"Resolution":0,"IsScaling":false,"AImin":0,"AImax":0,"RLmin":0,"RLmax":0,"Offset":1},{"ChannelId":1,"DeviceId":1,"GroupId":2,"Id":47,"Name":"Y2A","Address":"Y2A","Mode":0,"Description":null,"DataType":0,"Resolution":0,"IsScaling":false,"AImin":0,"AImax":0,"RLmin":0,"RLmax":0,"Offset":1},{"ChannelId":1,"DeviceId":1,"GroupId":2,"Id":48,"Name":"Y2B","Address":"Y2B","Mode":0,"Description":null,"DataType":0,"Resolution":0,"IsScaling":false,"AImin":0,"AImax":0,"RLmin":0,"RLmax":0,"Offset":1},{"ChannelId":1,"DeviceId":1,"GroupId":2,"Id":49,"Name":"Y2C","Address":"Y2C","Mode":0,"Description":null,"DataType":0,"Resolution":0,"IsScaling":false,"AImin":0,"AImax":0,"RLmin":0,"RLmax":0,"Offset":1},{"ChannelId":1,"DeviceId":1,"GroupId":2,"Id":50,"Name":"Y2D","Address":"Y2D","Mode":0,"Description":null,"DataType":0,"Resolution":0,"IsScaling":false,"AImin":0,"AImax":0,"RLmin":0,"RLmax":0,"Offset":1},{"ChannelId":1,"DeviceId":1,"GroupId":2,"Id":51,"Name":"Y2E","Address":"Y2E","Mode":0,"Description":null,"DataType":0,"Resolution":0,"IsScaling":false,"AImin":0,"AImax":0,"RLmin":0,"RLmax":0,"Offset":1},{"ChannelId":1,"DeviceId":1,"GroupId":2,"Id":52,"Name":"Y2F","Address":"Y2F","Mode":0,"Description":null,"DataType":0,"Resolution":0,"IsScaling":false,"AImin":0,"AImax":0,"RLmin":0,"RLmax":0,"Offset":1},{"ChannelId":1,"DeviceId":1,"GroupId":2,"Id":53,"Name":"Y30","Address":"Y30","Mode":0,"Description":null,"DataType":0,"Resolution":0,"IsScaling":false,"AImin":0,"AImax":0,"RLmin":0,"RLmax":0,"Offset":1},{"ChannelId":1,"DeviceId":1,"GroupId":2,"Id":54,"Name":"Y31","Address":"Y31","Mode":0,"Description":null,"DataType":0,"Resolution":0,"IsScaling":false,"AImin":0,"AImax":0,"RLmin":0,"RLmax":0,"Offset":1},{"ChannelId":1,"DeviceId":1,"GroupId":2,"Id":55,"Name":"Y32","Address":"Y32","Mode":0,"Description":null,"DataType":0,"Resolution":0,"IsScaling":false,"AImin":0,"AImax":0,"RLmin":0,"RLmax":0,"Offset":1},{"ChannelId":1,"DeviceId":1,"GroupId":2,"Id":56,"Name":"Y33","Address":"Y33","Mode":0,"Description":null,"DataType":0,"Resolution":0,"IsScaling":false,"AImin":0,"AImax":0,"RLmin":0,"RLmax":0,"Offset":1},{"ChannelId":1,"DeviceId":1,"GroupId":2,"Id":57,"Name":"Y34","Address":"Y34","Mode":0,"Description":null,"DataType":0,"Resolution":0,"IsScaling":false,"AImin":0,"AImax":0,"RLmin":0,"RLmax":0,"Offset":1},{"ChannelId":1,"DeviceId":1,"GroupId":2,"Id":58,"Name":"Y35","Address":"Y35","Mode":0,"Description":null,"DataType":0,"Resolution":0,"IsScaling":false,"AImin":0,"AImax":0,"RLmin":0,"RLmax":0,"Offset":1},{"ChannelId":1,"DeviceId":1,"GroupId":2,"Id":59,"Name":"Y36","Address":"Y36","Mode":0,"Description":null,"DataType":0,"Resolution":0,"IsScaling":false,"AImin":0,"AImax":0,"RLmin":0,"RLmax":0,"Offset":1},{"ChannelId":1,"DeviceId":1,"GroupId":2,"Id":60,"Name":"Y37","Address":"Y37","Mode":0,"Description":null,"DataType":0,"Resolution":0,"IsScaling":false,"AImin":0,"AImax":0,"RLmin":0,"RLmax":0,"Offset":1},{"ChannelId":1,"DeviceId":1,"GroupId":2,"Id":61,"Name":"Y38","Address":"Y38","Mode":0,"Description":null,"DataType":0,"Resolution":0,"IsScaling":false,"AImin":0,"AImax":0,"RLmin":0,"RLmax":0,"Offset":1},{"ChannelId":1,"DeviceId":1,"GroupId":2,"Id":62,"Name":"Y39","Address":"Y39","Mode":0,"Description":null,"DataType":0,"Resolution":0,"IsScaling":false,"AImin":0,"AImax":0,"RLmin":0,"RLmax":0,"Offset":1},{"ChannelId":1,"DeviceId":1,"GroupId":2,"Id":63,"Name":"Y3A","Address":"Y3A","Mode":0,"Description":null,"DataType":0,"Resolution":0,"IsScaling":false,"AImin":0,"AImax":0,"RLmin":0,"RLmax":0,"Offset":1},{"ChannelId":1,"DeviceId":1,"GroupId":2,"Id":64,"Name":"Y3B","Address":"Y3B","Mode":0,"Description":null,"DataType":0,"Resolution":0,"IsScaling":false,"AImin":0,"AImax":0,"RLmin":0,"RLmax":0,"Offset":1},{"ChannelId":1,"DeviceId":1,"GroupId":2,"Id":65,"Name":"Y3C","Address":"Y3C","Mode":0,"Description":null,"DataType":0,"Resolution":0,"IsScaling":false,"AImin":0,"AImax":0,"RLmin":0,"RLmax":0,"Offset":1},{"ChannelId":1,"DeviceId":1,"GroupId":2,"Id":66,"Name":"Y3D","Address":"Y3D","Mode":0,"Description":null,"DataType":0,"Resolution":0,"IsScaling":false,"AImin":0,"AImax":0,"RLmin":0,"RLmax":0,"Offset":1},{"ChannelId":1,"DeviceId":1,"GroupId":2,"Id":67,"Name":"Y3E","Address":"Y3E","Mode":0,"Description":null,"DataType":0,"Resolution":0,"IsScaling":false,"AImin":0,"AImax":0,"RLmin":0,"RLmax":0,"Offset":1},{"ChannelId":1,"DeviceId":1,"GroupId":2,"Id":68,"Name":"Y3F","Address":"Y3F","Mode":0,"Description":null,"DataType":0,"Resolution":0,"IsScaling":false,"AImin":0,"AImax":0,"RLmin":0,"RLmax":0,"Offset":1},{"ChannelId":1,"DeviceId":1,"GroupId":2,"Id":69,"Name":"Y40","Address":"Y40","Mode":0,"Description":null,"DataType":0,"Resolution":0,"IsScaling":false,"AImin":0,"AImax":0,"RLmin":0,"RLmax":0,"Offset":1},{"ChannelId":1,"DeviceId":1,"GroupId":2,"Id":70,"Name":"Y41","Address":"Y41","Mode":0,"Description":null,"DataType":0,"Resolution":0,"IsScaling":false,"AImin":0,"AImax":0,"RLmin":0,"RLmax":0,"Offset":1},{"ChannelId":1,"DeviceId":1,"GroupId":2,"Id":71,"Name":"Y42","Address":"Y42","Mode":0,"Description":null,"DataType":0,"Resolution":0,"IsScaling":false,"AImin":0,"AImax":0,"RLmin":0,"RLmax":0,"Offset":1},{"ChannelId":1,"DeviceId":1,"GroupId":2,"Id":72,"Name":"Y43","Address":"Y43","Mode":0,"Description":null,"DataType":0,"Resolution":0,"IsScaling":false,"AImin":0,"AImax":0,"RLmin":0,"RLmax":0,"Offset":1},{"ChannelId":1,"DeviceId":1,"GroupId":2,"Id":73,"Name":"Y44","Address":"Y44","Mode":0,"Description":null,"DataType":0,"Resolution":0,"IsScaling":false,"AImin":0,"AImax":0,"RLmin":0,"RLmax":0,"Offset":1},{"ChannelId":1,"DeviceId":1,"GroupId":2,"Id":74,"Name":"Y45","Address":"Y45","Mode":0,"Description":null,"DataType":0,"Resolution":0,"IsScaling":false,"AImin":0,"AImax":0,"RLmin":0,"RLmax":0,"Offset":1},{"ChannelId":1,"DeviceId":1,"GroupId":2,"Id":75,"Name":"Y46","Address":"Y46","Mode":0,"Description":null,"DataType":0,"Resolution":0,"IsScaling":false,"AImin":0,"AImax":0,"RLmin":0,"RLmax":0,"Offset":1},{"ChannelId":1,"DeviceId":1,"GroupId":2,"Id":76,"Name":"Y47","Address":"Y47","Mode":0,"Description":null,"DataType":0,"Resolution":0,"IsScaling":false,"AImin":0,"AImax":0,"RLmin":0,"RLmax":0,"Offset":1},{"ChannelId":1,"DeviceId":1,"GroupId":2,"Id":77,"Name":"Y48","Address":"Y48","Mode":0,"Description":null,"DataType":0,"Resolution":0,"IsScaling":false,"AImin":0,"AImax":0,"RLmin":0,"RLmax":0,"Offset":1},{"ChannelId":1,"DeviceId":1,"GroupId":2,"Id":78,"Name":"Y49","Address":"Y49","Mode":0,"Description":null,"DataType":0,"Resolution":0,"IsScaling":false,"AImin":0,"AImax":0,"RLmin":0,"RLmax":0,"Offset":1},{"ChannelId":1,"DeviceId":1,"GroupId":2,"Id":79,"Name":"Y4A","Address":"Y4A","Mode":0,"Description":null,"DataType":0,"Resolution":0,"IsScaling":false,"AImin":0,"AImax":0,"RLmin":0,"RLmax":0,"Offset":1},{"ChannelId":1,"DeviceId":1,"GroupId":2,"Id":80,"Name":"Y4B","Address":"Y4B","Mode":0,"Description":null,"DataType":0,"Resolution":0,"IsScaling":false,"AImin":0,"AImax":0,"RLmin":0,"RLmax":0,"Offset":1},{"ChannelId":1,"DeviceId":1,"GroupId":2,"Id":81,"Name":"Y4C","Address":"Y4C","Mode":0,"Description":null,"DataType":0,"Resolution":0,"IsScaling":false,"AImin":0,"AImax":0,"RLmin":0,"RLmax":0,"Offset":1},{"ChannelId":1,"DeviceId":1,"GroupId":2,"Id":82,"Name":"Y4D","Address":"Y4D","Mode":0,"Description":null,"DataType":0,"Resolution":0,"IsScaling":false,"AImin":0,"AImax":0,"RLmin":0,"RLmax":0,"Offset":1},{"ChannelId":1,"DeviceId":1,"GroupId":2,"Id":83,"Name":"Y4E","Address":"Y4E","Mode":0,"Description":null,"DataType":0,"Resolution":0,"IsScaling":false,"AImin":0,"AImax":0,"RLmin":0,"RLmax":0,"Offset":1},{"ChannelId":1,"DeviceId":1,"GroupId":2,"Id":84,"Name":"Y4F","Address":"Y4F","Mode":0,"Description":null,"DataType":0,"Resolution":0,"IsScaling":false,"AImin":0,"AImax":0,"RLmin":0,"RLmax":0,"Offset":1},{"ChannelId":1,"DeviceId":1,"GroupId":2,"Id":85,"Name":"Y50","Address":"Y50","Mode":0,"Description":null,"DataType":0,"Resolution":0,"IsScaling":false,"AImin":0,"AImax":0,"RLmin":0,"RLmax":0,"Offset":1},{"ChannelId":1,"DeviceId":1,"GroupId":2,"Id":86,"Name":"Y51","Address":"Y51","Mode":0,"Description":null,"DataType":0,"Resolution":0,"IsScaling":false,"AImin":0,"AImax":0,"RLmin":0,"RLmax":0,"Offset":1},{"ChannelId":1,"DeviceId":1,"GroupId":2,"Id":87,"Name":"Y52","Address":"Y52","Mode":0,"Description":null,"DataType":0,"Resolution":0,"IsScaling":false,"AImin":0,"AImax":0,"RLmin":0,"RLmax":0,"Offset":1},{"ChannelId":1,"DeviceId":1,"GroupId":2,"Id":88,"Name":"Y53","Address":"Y53","Mode":0,"Description":null,"DataType":0,"Resolution":0,"IsScaling":false,"AImin":0,"AImax":0,"RLmin":0,"RLmax":0,"Offset":1},{"ChannelId":1,"DeviceId":1,"GroupId":2,"Id":89,"Name":"Y54","Address":"Y54","Mode":0,"Description":null,"DataType":0,"Resolution":0,"IsScaling":false,"AImin":0,"AImax":0,"RLmin":0,"RLmax":0,"Offset":1},{"ChannelId":1,"DeviceId":1,"GroupId":2,"Id":90,"Name":"Y55","Address":"Y55","Mode":0,"Description":null,"DataType":0,"Resolution":0,"IsScaling":false,"AImin":0,"AImax":0,"RLmin":0,"RLmax":0,"Offset":1},{"ChannelId":1,"DeviceId":1,"GroupId":2,"Id":91,"Name":"Y56","Address":"Y56","Mode":0,"Description":null,"DataType":0,"Resolution":0,"IsScaling":false,"AImin":0,"AImax":0,"RLmin":0,"RLmax":0,"Offset":1},{"ChannelId":1,"DeviceId":1,"GroupId":2,"Id":92,"Name":"Y57","Address":"Y57","Mode":0,"Description":null,"DataType":0,"Resolution":0,"IsScaling":false,"AImin":0,"AImax":0,"RLmin":0,"RLmax":0,"Offset":1}]}],"Adapter":{"ProtocolType":6,"IPAddress":"192.168.3.39","Port":1025,"SendTimeout":1000,"ReceiveTimeout":1000,"WaitingTime":0,"Connected":false,"ErrorMessage":"Lost connection to device."},"DeviceType":0,"Active":true,"AutoReconnect":true}]}]}