{"Copyright":"Industrial Networks","Developer":"Hoang Van Luu","Phone":"(\u002B84) 0909-886-483","Email":"hoangluu.automation@gmail.com","Youtube":"https://www.youtube.com/industrialnetworks","Channels":[{"Id":1,"Name":"CH1","Description":null,"ConnectionType":0,"Manufacturer":1,"Protocol":0,"Adapter":null,"Devices":[{"ChannelId":1,"Id":1,"Name":"PLC1","StationNo":0,"Description":null,"BlockSize":255,"ByteOrder":0,"Groups":[{"ChannelId":1,"DeviceId":1,"Id":1,"Name":"DATA","Description":null,"Tags":[{"ChannelId":1,"DeviceId":1,"GroupId":1,"Id":1,"Name":"MW20","Address":"MW20","Mode":0,"Description":null,"DataType":2,"Resolution":0,"IsScaling":false,"AImin":0,"AImax":0,"RLmin":0,"RLmax":0,"Offset":1},{"ChannelId":1,"DeviceId":1,"GroupId":1,"Id":2,"Name":"MW12","Address":"MW12","Mode":0,"Description":null,"DataType":2,"Resolution":0,"IsScaling":false,"AImin":0,"AImax":0,"RLmin":0,"RLmax":0,"Offset":1},{"ChannelId":1,"DeviceId":1,"GroupId":1,"Id":3,"Name":"VW4","Address":"VW4","Mode":0,"Description":null,"DataType":2,"Resolution":0,"IsScaling":false,"AImin":0,"AImax":0,"RLmin":0,"RLmax":0,"Offset":1},{"ChannelId":1,"DeviceId":1,"GroupId":1,"Id":4,"Name":"VW6","Address":"VW6","Mode":0,"Description":null,"DataType":2,"Resolution":0,"IsScaling":false,"AImin":0,"AImax":0,"RLmin":0,"RLmax":0,"Offset":1},{"ChannelId":1,"DeviceId":1,"GroupId":1,"Id":5,"Name":"VW8","Address":"VW8","Mode":0,"Description":null,"DataType":2,"Resolution":0,"IsScaling":false,"AImin":0,"AImax":0,"RLmin":0,"RLmax":0,"Offset":1},{"ChannelId":1,"DeviceId":1,"GroupId":1,"Id":6,"Name":"VW10","Address":"VW10","Mode":0,"Description":null,"DataType":4,"Resolution":0,"IsScaling":false,"AImin":0,"AImax":0,"RLmin":0,"RLmax":0,"Offset":1},{"ChannelId":1,"DeviceId":1,"GroupId":1,"Id":7,"Name":"VW12","Address":"VW12","Mode":0,"Description":null,"DataType":4,"Resolution":0,"IsScaling":false,"AImin":0,"AImax":0,"RLmin":0,"RLmax":0,"Offset":1},{"ChannelId":1,"DeviceId":1,"GroupId":1,"Id":8,"Name":"VD14","Address":"VD14","Mode":0,"Description":null,"DataType":8,"Resolution":0,"IsScaling":false,"AImin":0,"AImax":0,"RLmin":0,"RLmax":0,"Offset":1},{"ChannelId":1,"DeviceId":1,"GroupId":1,"Id":9,"Name":"VD18","Address":"VD18","Mode":0,"Description":null,"DataType":8,"Resolution":0,"IsScaling":false,"AImin":0,"AImax":0,"RLmin":0,"RLmax":0,"Offset":1},{"ChannelId":1,"DeviceId":1,"GroupId":1,"Id":10,"Name":"MW0","Address":"MW0","Mode":0,"Description":null,"DataType":4,"Resolution":0,"IsScaling":false,"AImin":0,"AImax":0,"RLmin":0,"RLmax":0,"Offset":1},{"ChannelId":1,"DeviceId":1,"GroupId":1,"Id":11,"Name":"MW2","Address":"MW2","Mode":0,"Description":null,"DataType":4,"Resolution":0,"IsScaling":false,"AImin":0,"AImax":0,"RLmin":0,"RLmax":0,"Offset":1},{"ChannelId":1,"DeviceId":1,"GroupId":1,"Id":12,"Name":"MW4","Address":"MW4","Mode":0,"Description":null,"DataType":4,"Resolution":0,"IsScaling":false,"AImin":0,"AImax":0,"RLmin":0,"RLmax":0,"Offset":1},{"ChannelId":1,"DeviceId":1,"GroupId":1,"Id":13,"Name":"Start","Address":"M10.0","Mode":0,"Description":null,"DataType":0,"Resolution":0,"IsScaling":false,"AImin":0,"AImax":0,"RLmin":0,"RLmax":0,"Offset":1},{"ChannelId":1,"DeviceId":1,"GroupId":1,"Id":14,"Name":"M0.1","Address":"M0.1","Mode":0,"Description":null,"DataType":0,"Resolution":0,"IsScaling":false,"AImin":0,"AImax":0,"RLmin":0,"RLmax":0,"Offset":1},{"ChannelId":1,"DeviceId":1,"GroupId":1,"Id":15,"Name":"M0.2","Address":"M0.2","Mode":0,"Description":null,"DataType":0,"Resolution":0,"IsScaling":false,"AImin":0,"AImax":0,"RLmin":0,"RLmax":0,"Offset":1},{"ChannelId":1,"DeviceId":1,"GroupId":1,"Id":16,"Name":"M0.3","Address":"M0.3","Mode":0,"Description":null,"DataType":0,"Resolution":0,"IsScaling":false,"AImin":0,"AImax":0,"RLmin":0,"RLmax":0,"Offset":1},{"ChannelId":1,"DeviceId":1,"GroupId":1,"Id":17,"Name":"M0.4","Address":"M0.4","Mode":0,"Description":null,"DataType":0,"Resolution":0,"IsScaling":false,"AImin":0,"AImax":0,"RLmin":0,"RLmax":0,"Offset":1},{"ChannelId":1,"DeviceId":1,"GroupId":1,"Id":18,"Name":"M0.5","Address":"M0.5","Mode":0,"Description":null,"DataType":0,"Resolution":0,"IsScaling":false,"AImin":0,"AImax":0,"RLmin":0,"RLmax":0,"Offset":1},{"ChannelId":1,"DeviceId":1,"GroupId":1,"Id":19,"Name":"M0.6","Address":"M0.6","Mode":0,"Description":null,"DataType":0,"Resolution":0,"IsScaling":false,"AImin":0,"AImax":0,"RLmin":0,"RLmax":0,"Offset":1},{"ChannelId":1,"DeviceId":1,"GroupId":1,"Id":20,"Name":"M0.7","Address":"M0.7","Mode":0,"Description":null,"DataType":0,"Resolution":0,"IsScaling":false,"AImin":0,"AImax":0,"RLmin":0,"RLmax":0,"Offset":1},{"ChannelId":1,"DeviceId":1,"GroupId":1,"Id":21,"Name":"M1.0","Address":"M1.0","Mode":0,"Description":null,"DataType":0,"Resolution":0,"IsScaling":false,"AImin":0,"AImax":0,"RLmin":0,"RLmax":0,"Offset":1},{"ChannelId":1,"DeviceId":1,"GroupId":1,"Id":22,"Name":"M1.1","Address":"M1.1","Mode":0,"Description":null,"DataType":0,"Resolution":0,"IsScaling":false,"AImin":0,"AImax":0,"RLmin":0,"RLmax":0,"Offset":1}]},{"ChannelId":1,"DeviceId":1,"Id":2,"Name":"OUT","Description":null,"Tags":[{"ChannelId":1,"DeviceId":1,"GroupId":2,"Id":1,"Name":"Q0.0","Address":"Q0.0","Mode":0,"Description":null,"DataType":0,"Resolution":0,"IsScaling":false,"AImin":0,"AImax":0,"RLmin":0,"RLmax":0,"Offset":1},{"ChannelId":1,"DeviceId":1,"GroupId":2,"Id":2,"Name":"Q0.1","Address":"Q0.1","Mode":0,"Description":null,"DataType":0,"Resolution":0,"IsScaling":false,"AImin":0,"AImax":0,"RLmin":0,"RLmax":0,"Offset":1},{"ChannelId":1,"DeviceId":1,"GroupId":2,"Id":3,"Name":"Q0.2","Address":"Q0.2","Mode":0,"Description":null,"DataType":0,"Resolution":0,"IsScaling":false,"AImin":0,"AImax":0,"RLmin":0,"RLmax":0,"Offset":1},{"ChannelId":1,"DeviceId":1,"GroupId":2,"Id":4,"Name":"Q0.3","Address":"Q0.3","Mode":0,"Description":null,"DataType":0,"Resolution":0,"IsScaling":false,"AImin":0,"AImax":0,"RLmin":0,"RLmax":0,"Offset":1},{"ChannelId":1,"DeviceId":1,"GroupId":2,"Id":5,"Name":"Q0.4","Address":"Q0.4","Mode":0,"Description":null,"DataType":0,"Resolution":0,"IsScaling":false,"AImin":0,"AImax":0,"RLmin":0,"RLmax":0,"Offset":1},{"ChannelId":1,"DeviceId":1,"GroupId":2,"Id":6,"Name":"Q0.5","Address":"Q0.5","Mode":0,"Description":null,"DataType":0,"Resolution":0,"IsScaling":false,"AImin":0,"AImax":0,"RLmin":0,"RLmax":0,"Offset":1},{"ChannelId":1,"DeviceId":1,"GroupId":2,"Id":7,"Name":"Q0.6","Address":"Q0.6","Mode":0,"Description":null,"DataType":0,"Resolution":0,"IsScaling":false,"AImin":0,"AImax":0,"RLmin":0,"RLmax":0,"Offset":1},{"ChannelId":1,"DeviceId":1,"GroupId":2,"Id":8,"Name":"Q0.7","Address":"Q0.7","Mode":0,"Description":null,"DataType":0,"Resolution":0,"IsScaling":false,"AImin":0,"AImax":0,"RLmin":0,"RLmax":0,"Offset":1},{"ChannelId":1,"DeviceId":1,"GroupId":2,"Id":9,"Name":"Q1.0","Address":"Q1.0","Mode":0,"Description":null,"DataType":0,"Resolution":0,"IsScaling":false,"AImin":0,"AImax":0,"RLmin":0,"RLmax":0,"Offset":1},{"ChannelId":1,"DeviceId":1,"GroupId":2,"Id":10,"Name":"Q1.1","Address":"Q1.1","Mode":0,"Description":null,"DataType":0,"Resolution":0,"IsScaling":false,"AImin":0,"AImax":0,"RLmin":0,"RLmax":0,"Offset":1},{"ChannelId":1,"DeviceId":1,"GroupId":2,"Id":11,"Name":"Q1.2","Address":"Q1.2","Mode":0,"Description":null,"DataType":0,"Resolution":0,"IsScaling":false,"AImin":0,"AImax":0,"RLmin":0,"RLmax":0,"Offset":1},{"ChannelId":1,"DeviceId":1,"GroupId":2,"Id":12,"Name":"Q1.3","Address":"Q1.3","Mode":0,"Description":null,"DataType":0,"Resolution":0,"IsScaling":false,"AImin":0,"AImax":0,"RLmin":0,"RLmax":0,"Offset":1},{"ChannelId":1,"DeviceId":1,"GroupId":2,"Id":13,"Name":"Q1.4","Address":"Q1.4","Mode":0,"Description":null,"DataType":0,"Resolution":0,"IsScaling":false,"AImin":0,"AImax":0,"RLmin":0,"RLmax":0,"Offset":1},{"ChannelId":1,"DeviceId":1,"GroupId":2,"Id":14,"Name":"Q1.5","Address":"Q1.5","Mode":0,"Description":null,"DataType":0,"Resolution":0,"IsScaling":false,"AImin":0,"AImax":0,"RLmin":0,"RLmax":0,"Offset":1},{"ChannelId":1,"DeviceId":1,"GroupId":2,"Id":15,"Name":"Q1.6","Address":"Q1.6","Mode":0,"Description":null,"DataType":0,"Resolution":0,"IsScaling":false,"AImin":0,"AImax":0,"RLmin":0,"RLmax":0,"Offset":1},{"ChannelId":1,"DeviceId":1,"GroupId":2,"Id":16,"Name":"Q1.7","Address":"Q1.7","Mode":0,"Description":null,"DataType":0,"Resolution":0,"IsScaling":false,"AImin":0,"AImax":0,"RLmin":0,"RLmax":0,"Offset":1},{"ChannelId":1,"DeviceId":1,"GroupId":2,"Id":17,"Name":"Q2.0","Address":"Q2.0","Mode":0,"Description":null,"DataType":0,"Resolution":0,"IsScaling":false,"AImin":0,"AImax":0,"RLmin":0,"RLmax":0,"Offset":1},{"ChannelId":1,"DeviceId":1,"GroupId":2,"Id":18,"Name":"Q2.1","Address":"Q2.1","Mode":0,"Description":null,"DataType":0,"Resolution":0,"IsScaling":false,"AImin":0,"AImax":0,"RLmin":0,"RLmax":0,"Offset":1},{"ChannelId":1,"DeviceId":1,"GroupId":2,"Id":19,"Name":"Q2.2","Address":"Q2.2","Mode":0,"Description":null,"DataType":0,"Resolution":0,"IsScaling":false,"AImin":0,"AImax":0,"RLmin":0,"RLmax":0,"Offset":1},{"ChannelId":1,"DeviceId":1,"GroupId":2,"Id":20,"Name":"Q2.3","Address":"Q2.3","Mode":0,"Description":null,"DataType":0,"Resolution":0,"IsScaling":false,"AImin":0,"AImax":0,"RLmin":0,"RLmax":0,"Offset":1},{"ChannelId":1,"DeviceId":1,"GroupId":2,"Id":21,"Name":"Q2.4","Address":"Q2.4","Mode":0,"Description":null,"DataType":0,"Resolution":0,"IsScaling":false,"AImin":0,"AImax":0,"RLmin":0,"RLmax":0,"Offset":1},{"ChannelId":1,"DeviceId":1,"GroupId":2,"Id":22,"Name":"Q2.5","Address":"Q2.5","Mode":0,"Description":null,"DataType":0,"Resolution":0,"IsScaling":false,"AImin":0,"AImax":0,"RLmin":0,"RLmax":0,"Offset":1},{"ChannelId":1,"DeviceId":1,"GroupId":2,"Id":23,"Name":"Q2.6","Address":"Q2.6","Mode":0,"Description":null,"DataType":0,"Resolution":0,"IsScaling":false,"AImin":0,"AImax":0,"RLmin":0,"RLmax":0,"Offset":1},{"ChannelId":1,"DeviceId":1,"GroupId":2,"Id":24,"Name":"Q2.7","Address":"Q2.7","Mode":0,"Description":null,"DataType":0,"Resolution":0,"IsScaling":false,"AImin":0,"AImax":0,"RLmin":0,"RLmax":0,"Offset":1},{"ChannelId":1,"DeviceId":1,"GroupId":2,"Id":25,"Name":"M0.0","Address":"M0.0","Mode":0,"Description":null,"DataType":0,"Resolution":0,"IsScaling":false,"AImin":0,"AImax":0,"RLmin":0,"RLmax":0,"Offset":1},{"ChannelId":1,"DeviceId":1,"GroupId":2,"Id":26,"Name":"M0.1","Address":"M0.1","Mode":0,"Description":null,"DataType":0,"Resolution":0,"IsScaling":false,"AImin":0,"AImax":0,"RLmin":0,"RLmax":0,"Offset":1},{"ChannelId":1,"DeviceId":1,"GroupId":2,"Id":27,"Name":"M0.2","Address":"M0.2","Mode":0,"Description":null,"DataType":0,"Resolution":0,"IsScaling":false,"AImin":0,"AImax":0,"RLmin":0,"RLmax":0,"Offset":1},{"ChannelId":1,"DeviceId":1,"GroupId":2,"Id":28,"Name":"M0.3","Address":"M0.3","Mode":0,"Description":null,"DataType":0,"Resolution":0,"IsScaling":false,"AImin":0,"AImax":0,"RLmin":0,"RLmax":0,"Offset":1},{"ChannelId":1,"DeviceId":1,"GroupId":2,"Id":29,"Name":"M0.4","Address":"M0.4","Mode":0,"Description":null,"DataType":0,"Resolution":0,"IsScaling":false,"AImin":0,"AImax":0,"RLmin":0,"RLmax":0,"Offset":1},{"ChannelId":1,"DeviceId":1,"GroupId":2,"Id":30,"Name":"M0.5","Address":"M0.5","Mode":0,"Description":null,"DataType":0,"Resolution":0,"IsScaling":false,"AImin":0,"AImax":0,"RLmin":0,"RLmax":0,"Offset":1},{"ChannelId":1,"DeviceId":1,"GroupId":2,"Id":31,"Name":"M0.6","Address":"M0.6","Mode":0,"Description":null,"DataType":0,"Resolution":0,"IsScaling":false,"AImin":0,"AImax":0,"RLmin":0,"RLmax":0,"Offset":1},{"ChannelId":1,"DeviceId":1,"GroupId":2,"Id":32,"Name":"M0.7","Address":"M0.7","Mode":0,"Description":null,"DataType":0,"Resolution":0,"IsScaling":false,"AImin":0,"AImax":0,"RLmin":0,"RLmax":0,"Offset":1},{"ChannelId":1,"DeviceId":1,"GroupId":2,"Id":33,"Name":"M1.0","Address":"M1.0","Mode":0,"Description":null,"DataType":0,"Resolution":0,"IsScaling":false,"AImin":0,"AImax":0,"RLmin":0,"RLmax":0,"Offset":1},{"ChannelId":1,"DeviceId":1,"GroupId":2,"Id":34,"Name":"M1.1","Address":"M1.1","Mode":0,"Description":null,"DataType":0,"Resolution":0,"IsScaling":false,"AImin":0,"AImax":0,"RLmin":0,"RLmax":0,"Offset":1},{"ChannelId":1,"DeviceId":1,"GroupId":2,"Id":35,"Name":"M1.2","Address":"M1.2","Mode":0,"Description":null,"DataType":0,"Resolution":0,"IsScaling":false,"AImin":0,"AImax":0,"RLmin":0,"RLmax":0,"Offset":1},{"ChannelId":1,"DeviceId":1,"GroupId":2,"Id":36,"Name":"M1.3","Address":"M1.3","Mode":0,"Description":null,"DataType":0,"Resolution":0,"IsScaling":false,"AImin":0,"AImax":0,"RLmin":0,"RLmax":0,"Offset":1},{"ChannelId":1,"DeviceId":1,"GroupId":2,"Id":37,"Name":"M1.4","Address":"M1.4","Mode":0,"Description":null,"DataType":0,"Resolution":0,"IsScaling":false,"AImin":0,"AImax":0,"RLmin":0,"RLmax":0,"Offset":1},{"ChannelId":1,"DeviceId":1,"GroupId":2,"Id":38,"Name":"M1.5","Address":"M1.5","Mode":0,"Description":null,"DataType":0,"Resolution":0,"IsScaling":false,"AImin":0,"AImax":0,"RLmin":0,"RLmax":0,"Offset":1},{"ChannelId":1,"DeviceId":1,"GroupId":2,"Id":39,"Name":"M1.6","Address":"M1.6","Mode":0,"Description":null,"DataType":0,"Resolution":0,"IsScaling":false,"AImin":0,"AImax":0,"RLmin":0,"RLmax":0,"Offset":1},{"ChannelId":1,"DeviceId":1,"GroupId":2,"Id":40,"Name":"M1.7","Address":"M1.7","Mode":0,"Description":null,"DataType":0,"Resolution":0,"IsScaling":false,"AImin":0,"AImax":0,"RLmin":0,"RLmax":0,"Offset":1},{"ChannelId":1,"DeviceId":1,"GroupId":2,"Id":41,"Name":"M2.0","Address":"M2.0","Mode":0,"Description":null,"DataType":0,"Resolution":0,"IsScaling":false,"AImin":0,"AImax":0,"RLmin":0,"RLmax":0,"Offset":1},{"ChannelId":1,"DeviceId":1,"GroupId":2,"Id":42,"Name":"M2.1","Address":"M2.1","Mode":0,"Description":null,"DataType":0,"Resolution":0,"IsScaling":false,"AImin":0,"AImax":0,"RLmin":0,"RLmax":0,"Offset":1},{"ChannelId":1,"DeviceId":1,"GroupId":2,"Id":43,"Name":"M2.2","Address":"M2.2","Mode":0,"Description":null,"DataType":0,"Resolution":0,"IsScaling":false,"AImin":0,"AImax":0,"RLmin":0,"RLmax":0,"Offset":1},{"ChannelId":1,"DeviceId":1,"GroupId":2,"Id":44,"Name":"M2.3","Address":"M2.3","Mode":0,"Description":null,"DataType":0,"Resolution":0,"IsScaling":false,"AImin":0,"AImax":0,"RLmin":0,"RLmax":0,"Offset":1},{"ChannelId":1,"DeviceId":1,"GroupId":2,"Id":45,"Name":"M2.4","Address":"M2.4","Mode":0,"Description":null,"DataType":0,"Resolution":0,"IsScaling":false,"AImin":0,"AImax":0,"RLmin":0,"RLmax":0,"Offset":1},{"ChannelId":1,"DeviceId":1,"GroupId":2,"Id":46,"Name":"M2.5","Address":"M2.5","Mode":0,"Description":null,"DataType":0,"Resolution":0,"IsScaling":false,"AImin":0,"AImax":0,"RLmin":0,"RLmax":0,"Offset":1},{"ChannelId":1,"DeviceId":1,"GroupId":2,"Id":47,"Name":"M2.6","Address":"M2.6","Mode":0,"Description":null,"DataType":0,"Resolution":0,"IsScaling":false,"AImin":0,"AImax":0,"RLmin":0,"RLmax":0,"Offset":1},{"ChannelId":1,"DeviceId":1,"GroupId":2,"Id":48,"Name":"M2.7","Address":"M2.7","Mode":0,"Description":null,"DataType":0,"Resolution":0,"IsScaling":false,"AImin":0,"AImax":0,"RLmin":0,"RLmax":0,"Offset":1},{"ChannelId":1,"DeviceId":1,"GroupId":2,"Id":49,"Name":"M3.0","Address":"M3.0","Mode":0,"Description":null,"DataType":0,"Resolution":0,"IsScaling":false,"AImin":0,"AImax":0,"RLmin":0,"RLmax":0,"Offset":1},{"ChannelId":1,"DeviceId":1,"GroupId":2,"Id":50,"Name":"M3.1","Address":"M3.1","Mode":0,"Description":null,"DataType":0,"Resolution":0,"IsScaling":false,"AImin":0,"AImax":0,"RLmin":0,"RLmax":0,"Offset":1},{"ChannelId":1,"DeviceId":1,"GroupId":2,"Id":51,"Name":"M3.2","Address":"M3.2","Mode":0,"Description":null,"DataType":0,"Resolution":0,"IsScaling":false,"AImin":0,"AImax":0,"RLmin":0,"RLmax":0,"Offset":1},{"ChannelId":1,"DeviceId":1,"GroupId":2,"Id":52,"Name":"M3.3","Address":"M3.3","Mode":0,"Description":null,"DataType":0,"Resolution":0,"IsScaling":false,"AImin":0,"AImax":0,"RLmin":0,"RLmax":0,"Offset":1},{"ChannelId":1,"DeviceId":1,"GroupId":2,"Id":53,"Name":"M3.4","Address":"M3.4","Mode":0,"Description":null,"DataType":0,"Resolution":0,"IsScaling":false,"AImin":0,"AImax":0,"RLmin":0,"RLmax":0,"Offset":1}]}],"Adapter":{"ProtocolType":6,"IPAddress":"192.168.3.5","Port":102,"SendTimeout":1000,"ReceiveTimeout":1000,"WaitingTime":0,"Connected":false,"ErrorMessage":"Lost connection to device."},"DeviceType":1,"Active":true,"AutoReconnect":true}]}]}