{"Copyright":"Industrial Networks","Developer":"Hoang Van Luu","Phone":"(\u002B84) 0909-886-483","Email":"hoangluu.automation@gmail.com","Youtube":"https://www.youtube.com/industrialnetworks","Channels":[{"Id":1,"Name":"CH1","Description":null,"ConnectionType":1,"Manufacturer":6,"Protocol":21,"Adapter":{"PortName":"COM1","BaudRate":115200,"DataBits":8,"Parity":0,"StopBits":1,"Handshake":0,"SendTimeout":1000,"ReceiveTimeout":1000,"WaitingTime":0,"Connected":false,"ErrorMessage":"Lost connection to device."},"Devices":[{"ChannelId":1,"Id":1,"Name":"AS228T","StationNo":1,"Description":null,"BlockSize":100,"ByteOrder":0,"Groups":[{"ChannelId":1,"DeviceId":1,"Id":1,"Name":"Y_AREA","Description":null,"Tags":[{"ChannelId":1,"DeviceId":1,"GroupId":1,"Id":1,"Name":"YW0","Address":"Y0","Mode":0,"Description":null,"DataType":4,"Resolution":0,"IsScaling":false,"AImin":0,"AImax":0,"RLmin":0,"RLmax":0,"Offset":1},{"ChannelId":1,"DeviceId":1,"GroupId":1,"Id":2,"Name":"YW1","Address":"Y1","Mode":0,"Description":null,"DataType":4,"Resolution":0,"IsScaling":false,"AImin":0,"AImax":0,"RLmin":0,"RLmax":0,"Offset":1},{"ChannelId":1,"DeviceId":1,"GroupId":1,"Id":3,"Name":"YW2","Address":"Y2","Mode":0,"Description":null,"DataType":4,"Resolution":0,"IsScaling":false,"AImin":0,"AImax":0,"RLmin":0,"RLmax":0,"Offset":1},{"ChannelId":1,"DeviceId":1,"GroupId":1,"Id":4,"Name":"Output0","Address":"Y0.0","Mode":0,"Description":null,"DataType":0,"Resolution":0,"IsScaling":false,"AImin":0,"AImax":0,"RLmin":0,"RLmax":0,"Offset":1},{"ChannelId":1,"DeviceId":1,"GroupId":1,"Id":5,"Name":"Output1","Address":"Y0.1","Mode":0,"Description":null,"DataType":0,"Resolution":0,"IsScaling":false,"AImin":0,"AImax":0,"RLmin":0,"RLmax":0,"Offset":1},{"ChannelId":1,"DeviceId":1,"GroupId":1,"Id":6,"Name":"Output2","Address":"Y0.2","Mode":0,"Description":null,"DataType":0,"Resolution":0,"IsScaling":false,"AImin":0,"AImax":0,"RLmin":0,"RLmax":0,"Offset":1},{"ChannelId":1,"DeviceId":1,"GroupId":1,"Id":7,"Name":"Output3","Address":"Y0.3","Mode":0,"Description":null,"DataType":0,"Resolution":0,"IsScaling":false,"AImin":0,"AImax":0,"RLmin":0,"RLmax":0,"Offset":1},{"ChannelId":1,"DeviceId":1,"GroupId":1,"Id":8,"Name":"Output4","Address":"Y0.4","Mode":0,"Description":null,"DataType":0,"Resolution":0,"IsScaling":false,"AImin":0,"AImax":0,"RLmin":0,"RLmax":0,"Offset":1},{"ChannelId":1,"DeviceId":1,"GroupId":1,"Id":9,"Name":"Output5","Address":"Y0.5","Mode":0,"Description":null,"DataType":0,"Resolution":0,"IsScaling":false,"AImin":0,"AImax":0,"RLmin":0,"RLmax":0,"Offset":1},{"ChannelId":1,"DeviceId":1,"GroupId":1,"Id":10,"Name":"Output6","Address":"Y0.6","Mode":0,"Description":null,"DataType":0,"Resolution":0,"IsScaling":false,"AImin":0,"AImax":0,"RLmin":0,"RLmax":0,"Offset":1},{"ChannelId":1,"DeviceId":1,"GroupId":1,"Id":11,"Name":"Output7","Address":"Y0.7","Mode":0,"Description":null,"DataType":0,"Resolution":0,"IsScaling":false,"AImin":0,"AImax":0,"RLmin":0,"RLmax":0,"Offset":1},{"ChannelId":1,"DeviceId":1,"GroupId":1,"Id":12,"Name":"Output8","Address":"Y0.8","Mode":0,"Description":null,"DataType":0,"Resolution":0,"IsScaling":false,"AImin":0,"AImax":0,"RLmin":0,"RLmax":0,"Offset":1},{"ChannelId":1,"DeviceId":1,"GroupId":1,"Id":13,"Name":"Output9","Address":"Y0.9","Mode":0,"Description":null,"DataType":0,"Resolution":0,"IsScaling":false,"AImin":0,"AImax":0,"RLmin":0,"RLmax":0,"Offset":1},{"ChannelId":1,"DeviceId":1,"GroupId":1,"Id":14,"Name":"Output10","Address":"Y0.10","Mode":0,"Description":null,"DataType":0,"Resolution":0,"IsScaling":false,"AImin":0,"AImax":0,"RLmin":0,"RLmax":0,"Offset":1},{"ChannelId":1,"DeviceId":1,"GroupId":1,"Id":15,"Name":"Output11","Address":"Y0.11","Mode":0,"Description":null,"DataType":0,"Resolution":0,"IsScaling":false,"AImin":0,"AImax":0,"RLmin":0,"RLmax":0,"Offset":1},{"ChannelId":1,"DeviceId":1,"GroupId":1,"Id":16,"Name":"Output12","Address":"Y0.12","Mode":0,"Description":null,"DataType":0,"Resolution":0,"IsScaling":false,"AImin":0,"AImax":0,"RLmin":0,"RLmax":0,"Offset":1},{"ChannelId":1,"DeviceId":1,"GroupId":1,"Id":17,"Name":"Output13","Address":"Y0.13","Mode":0,"Description":null,"DataType":0,"Resolution":0,"IsScaling":false,"AImin":0,"AImax":0,"RLmin":0,"RLmax":0,"Offset":1},{"ChannelId":1,"DeviceId":1,"GroupId":1,"Id":18,"Name":"Output14","Address":"Y0.14","Mode":0,"Description":null,"DataType":0,"Resolution":0,"IsScaling":false,"AImin":0,"AImax":0,"RLmin":0,"RLmax":0,"Offset":1},{"ChannelId":1,"DeviceId":1,"GroupId":1,"Id":19,"Name":"Output15","Address":"Y0.15","Mode":0,"Description":null,"DataType":0,"Resolution":0,"IsScaling":false,"AImin":0,"AImax":0,"RLmin":0,"RLmax":0,"Offset":1},{"ChannelId":1,"DeviceId":1,"GroupId":1,"Id":20,"Name":"Output16","Address":"Y1.0","Mode":0,"Description":null,"DataType":0,"Resolution":0,"IsScaling":false,"AImin":0,"AImax":0,"RLmin":0,"RLmax":0,"Offset":1},{"ChannelId":1,"DeviceId":1,"GroupId":1,"Id":21,"Name":"Output17","Address":"Y1.1","Mode":0,"Description":null,"DataType":0,"Resolution":0,"IsScaling":false,"AImin":0,"AImax":0,"RLmin":0,"RLmax":0,"Offset":1},{"ChannelId":1,"DeviceId":1,"GroupId":1,"Id":22,"Name":"Output18","Address":"Y1.2","Mode":0,"Description":null,"DataType":0,"Resolution":0,"IsScaling":false,"AImin":0,"AImax":0,"RLmin":0,"RLmax":0,"Offset":1},{"ChannelId":1,"DeviceId":1,"GroupId":1,"Id":23,"Name":"Output19","Address":"Y1.3","Mode":0,"Description":null,"DataType":0,"Resolution":0,"IsScaling":false,"AImin":0,"AImax":0,"RLmin":0,"RLmax":0,"Offset":1},{"ChannelId":1,"DeviceId":1,"GroupId":1,"Id":24,"Name":"Output20","Address":"Y1.4","Mode":0,"Description":null,"DataType":0,"Resolution":0,"IsScaling":false,"AImin":0,"AImax":0,"RLmin":0,"RLmax":0,"Offset":1},{"ChannelId":1,"DeviceId":1,"GroupId":1,"Id":25,"Name":"Output21","Address":"Y1.5","Mode":0,"Description":null,"DataType":0,"Resolution":0,"IsScaling":false,"AImin":0,"AImax":0,"RLmin":0,"RLmax":0,"Offset":1},{"ChannelId":1,"DeviceId":1,"GroupId":1,"Id":26,"Name":"Output22","Address":"Y1.6","Mode":0,"Description":null,"DataType":0,"Resolution":0,"IsScaling":false,"AImin":0,"AImax":0,"RLmin":0,"RLmax":0,"Offset":1},{"ChannelId":1,"DeviceId":1,"GroupId":1,"Id":27,"Name":"Output23","Address":"Y1.7","Mode":0,"Description":null,"DataType":0,"Resolution":0,"IsScaling":false,"AImin":0,"AImax":0,"RLmin":0,"RLmax":0,"Offset":1},{"ChannelId":1,"DeviceId":1,"GroupId":1,"Id":28,"Name":"Output24","Address":"Y1.8","Mode":0,"Description":null,"DataType":0,"Resolution":0,"IsScaling":false,"AImin":0,"AImax":0,"RLmin":0,"RLmax":0,"Offset":1},{"ChannelId":1,"DeviceId":1,"GroupId":1,"Id":29,"Name":"Output25","Address":"Y1.9","Mode":0,"Description":null,"DataType":0,"Resolution":0,"IsScaling":false,"AImin":0,"AImax":0,"RLmin":0,"RLmax":0,"Offset":1},{"ChannelId":1,"DeviceId":1,"GroupId":1,"Id":30,"Name":"Output26","Address":"Y1.10","Mode":0,"Description":null,"DataType":0,"Resolution":0,"IsScaling":false,"AImin":0,"AImax":0,"RLmin":0,"RLmax":0,"Offset":1},{"ChannelId":1,"DeviceId":1,"GroupId":1,"Id":31,"Name":"Output27","Address":"Y1.11","Mode":0,"Description":null,"DataType":0,"Resolution":0,"IsScaling":false,"AImin":0,"AImax":0,"RLmin":0,"RLmax":0,"Offset":1},{"ChannelId":1,"DeviceId":1,"GroupId":1,"Id":32,"Name":"Output28","Address":"Y1.12","Mode":0,"Description":null,"DataType":0,"Resolution":0,"IsScaling":false,"AImin":0,"AImax":0,"RLmin":0,"RLmax":0,"Offset":1},{"ChannelId":1,"DeviceId":1,"GroupId":1,"Id":33,"Name":"Output29","Address":"Y1.13","Mode":0,"Description":null,"DataType":0,"Resolution":0,"IsScaling":false,"AImin":0,"AImax":0,"RLmin":0,"RLmax":0,"Offset":1},{"ChannelId":1,"DeviceId":1,"GroupId":1,"Id":34,"Name":"Output30","Address":"Y1.14","Mode":0,"Description":null,"DataType":0,"Resolution":0,"IsScaling":false,"AImin":0,"AImax":0,"RLmin":0,"RLmax":0,"Offset":1},{"ChannelId":1,"DeviceId":1,"GroupId":1,"Id":35,"Name":"Output31","Address":"Y1.15","Mode":0,"Description":null,"DataType":0,"Resolution":0,"IsScaling":false,"AImin":0,"AImax":0,"RLmin":0,"RLmax":0,"Offset":1},{"ChannelId":1,"DeviceId":1,"GroupId":1,"Id":36,"Name":"Output32","Address":"Y2.0","Mode":0,"Description":null,"DataType":0,"Resolution":0,"IsScaling":false,"AImin":0,"AImax":0,"RLmin":0,"RLmax":0,"Offset":1},{"ChannelId":1,"DeviceId":1,"GroupId":1,"Id":37,"Name":"Output33","Address":"Y2.1","Mode":0,"Description":null,"DataType":0,"Resolution":0,"IsScaling":false,"AImin":0,"AImax":0,"RLmin":0,"RLmax":0,"Offset":1},{"ChannelId":1,"DeviceId":1,"GroupId":1,"Id":38,"Name":"Output34","Address":"Y2.2","Mode":0,"Description":null,"DataType":0,"Resolution":0,"IsScaling":false,"AImin":0,"AImax":0,"RLmin":0,"RLmax":0,"Offset":1},{"ChannelId":1,"DeviceId":1,"GroupId":1,"Id":39,"Name":"Output35","Address":"Y2.3","Mode":0,"Description":null,"DataType":0,"Resolution":0,"IsScaling":false,"AImin":0,"AImax":0,"RLmin":0,"RLmax":0,"Offset":1},{"ChannelId":1,"DeviceId":1,"GroupId":1,"Id":40,"Name":"Output36","Address":"Y2.4","Mode":0,"Description":null,"DataType":0,"Resolution":0,"IsScaling":false,"AImin":0,"AImax":0,"RLmin":0,"RLmax":0,"Offset":1},{"ChannelId":1,"DeviceId":1,"GroupId":1,"Id":41,"Name":"Output37","Address":"Y2.5","Mode":0,"Description":null,"DataType":0,"Resolution":0,"IsScaling":false,"AImin":0,"AImax":0,"RLmin":0,"RLmax":0,"Offset":1},{"ChannelId":1,"DeviceId":1,"GroupId":1,"Id":42,"Name":"Output38","Address":"Y2.6","Mode":0,"Description":null,"DataType":0,"Resolution":0,"IsScaling":false,"AImin":0,"AImax":0,"RLmin":0,"RLmax":0,"Offset":1},{"ChannelId":1,"DeviceId":1,"GroupId":1,"Id":43,"Name":"Output39","Address":"Y2.7","Mode":0,"Description":null,"DataType":0,"Resolution":0,"IsScaling":false,"AImin":0,"AImax":0,"RLmin":0,"RLmax":0,"Offset":1},{"ChannelId":1,"DeviceId":1,"GroupId":1,"Id":44,"Name":"Output40","Address":"Y2.8","Mode":0,"Description":null,"DataType":0,"Resolution":0,"IsScaling":false,"AImin":0,"AImax":0,"RLmin":0,"RLmax":0,"Offset":1},{"ChannelId":1,"DeviceId":1,"GroupId":1,"Id":45,"Name":"Output41","Address":"Y2.9","Mode":0,"Description":null,"DataType":0,"Resolution":0,"IsScaling":false,"AImin":0,"AImax":0,"RLmin":0,"RLmax":0,"Offset":1},{"ChannelId":1,"DeviceId":1,"GroupId":1,"Id":46,"Name":"Output42","Address":"Y2.10","Mode":0,"Description":null,"DataType":0,"Resolution":0,"IsScaling":false,"AImin":0,"AImax":0,"RLmin":0,"RLmax":0,"Offset":1},{"ChannelId":1,"DeviceId":1,"GroupId":1,"Id":47,"Name":"Output43","Address":"Y2.11","Mode":0,"Description":null,"DataType":0,"Resolution":0,"IsScaling":false,"AImin":0,"AImax":0,"RLmin":0,"RLmax":0,"Offset":1},{"ChannelId":1,"DeviceId":1,"GroupId":1,"Id":48,"Name":"Output44","Address":"Y2.12","Mode":0,"Description":null,"DataType":0,"Resolution":0,"IsScaling":false,"AImin":0,"AImax":0,"RLmin":0,"RLmax":0,"Offset":1},{"ChannelId":1,"DeviceId":1,"GroupId":1,"Id":49,"Name":"Output45","Address":"Y2.13","Mode":0,"Description":null,"DataType":0,"Resolution":0,"IsScaling":false,"AImin":0,"AImax":0,"RLmin":0,"RLmax":0,"Offset":1},{"ChannelId":1,"DeviceId":1,"GroupId":1,"Id":50,"Name":"Output46","Address":"Y2.14","Mode":0,"Description":null,"DataType":0,"Resolution":0,"IsScaling":false,"AImin":0,"AImax":0,"RLmin":0,"RLmax":0,"Offset":1},{"ChannelId":1,"DeviceId":1,"GroupId":1,"Id":51,"Name":"Output47","Address":"Y2.15","Mode":0,"Description":null,"DataType":0,"Resolution":0,"IsScaling":false,"AImin":0,"AImax":0,"RLmin":0,"RLmax":0,"Offset":1},{"ChannelId":1,"DeviceId":1,"GroupId":1,"Id":52,"Name":"Output48","Address":"Y3.0","Mode":0,"Description":null,"DataType":0,"Resolution":0,"IsScaling":false,"AImin":0,"AImax":0,"RLmin":0,"RLmax":0,"Offset":1},{"ChannelId":1,"DeviceId":1,"GroupId":1,"Id":53,"Name":"Output49","Address":"Y3.1","Mode":0,"Description":null,"DataType":0,"Resolution":0,"IsScaling":false,"AImin":0,"AImax":0,"RLmin":0,"RLmax":0,"Offset":1},{"ChannelId":1,"DeviceId":1,"GroupId":1,"Id":54,"Name":"Output50","Address":"Y3.2","Mode":0,"Description":null,"DataType":0,"Resolution":0,"IsScaling":false,"AImin":0,"AImax":0,"RLmin":0,"RLmax":0,"Offset":1},{"ChannelId":1,"DeviceId":1,"GroupId":1,"Id":55,"Name":"Output51","Address":"Y3.3","Mode":0,"Description":null,"DataType":0,"Resolution":0,"IsScaling":false,"AImin":0,"AImax":0,"RLmin":0,"RLmax":0,"Offset":1},{"ChannelId":1,"DeviceId":1,"GroupId":1,"Id":56,"Name":"Output52","Address":"Y3.4","Mode":0,"Description":null,"DataType":0,"Resolution":0,"IsScaling":false,"AImin":0,"AImax":0,"RLmin":0,"RLmax":0,"Offset":1},{"ChannelId":1,"DeviceId":1,"GroupId":1,"Id":57,"Name":"Output53","Address":"Y3.5","Mode":0,"Description":null,"DataType":0,"Resolution":0,"IsScaling":false,"AImin":0,"AImax":0,"RLmin":0,"RLmax":0,"Offset":1},{"ChannelId":1,"DeviceId":1,"GroupId":1,"Id":58,"Name":"Output54","Address":"Y3.6","Mode":0,"Description":null,"DataType":0,"Resolution":0,"IsScaling":false,"AImin":0,"AImax":0,"RLmin":0,"RLmax":0,"Offset":1},{"ChannelId":1,"DeviceId":1,"GroupId":1,"Id":59,"Name":"Output55","Address":"Y3.7","Mode":0,"Description":null,"DataType":0,"Resolution":0,"IsScaling":false,"AImin":0,"AImax":0,"RLmin":0,"RLmax":0,"Offset":1},{"ChannelId":1,"DeviceId":1,"GroupId":1,"Id":60,"Name":"Output56","Address":"Y3.8","Mode":0,"Description":null,"DataType":0,"Resolution":0,"IsScaling":false,"AImin":0,"AImax":0,"RLmin":0,"RLmax":0,"Offset":1},{"ChannelId":1,"DeviceId":1,"GroupId":1,"Id":61,"Name":"Output57","Address":"Y3.9","Mode":0,"Description":null,"DataType":0,"Resolution":0,"IsScaling":false,"AImin":0,"AImax":0,"RLmin":0,"RLmax":0,"Offset":1},{"ChannelId":1,"DeviceId":1,"GroupId":1,"Id":62,"Name":"Output58","Address":"Y3.10","Mode":0,"Description":null,"DataType":0,"Resolution":0,"IsScaling":false,"AImin":0,"AImax":0,"RLmin":0,"RLmax":0,"Offset":1},{"ChannelId":1,"DeviceId":1,"GroupId":1,"Id":63,"Name":"Output59","Address":"Y3.11","Mode":0,"Description":null,"DataType":0,"Resolution":0,"IsScaling":false,"AImin":0,"AImax":0,"RLmin":0,"RLmax":0,"Offset":1},{"ChannelId":1,"DeviceId":1,"GroupId":1,"Id":64,"Name":"Output60","Address":"Y3.12","Mode":0,"Description":null,"DataType":0,"Resolution":0,"IsScaling":false,"AImin":0,"AImax":0,"RLmin":0,"RLmax":0,"Offset":1},{"ChannelId":1,"DeviceId":1,"GroupId":1,"Id":65,"Name":"Output61","Address":"Y3.13","Mode":0,"Description":null,"DataType":0,"Resolution":0,"IsScaling":false,"AImin":0,"AImax":0,"RLmin":0,"RLmax":0,"Offset":1},{"ChannelId":1,"DeviceId":1,"GroupId":1,"Id":66,"Name":"Output62","Address":"Y3.14","Mode":0,"Description":null,"DataType":0,"Resolution":0,"IsScaling":false,"AImin":0,"AImax":0,"RLmin":0,"RLmax":0,"Offset":1},{"ChannelId":1,"DeviceId":1,"GroupId":1,"Id":67,"Name":"Output63","Address":"Y3.15","Mode":0,"Description":null,"DataType":0,"Resolution":0,"IsScaling":false,"AImin":0,"AImax":0,"RLmin":0,"RLmax":0,"Offset":1},{"ChannelId":1,"DeviceId":1,"GroupId":1,"Id":68,"Name":"Output64","Address":"Y4.0","Mode":0,"Description":null,"DataType":0,"Resolution":0,"IsScaling":false,"AImin":0,"AImax":0,"RLmin":0,"RLmax":0,"Offset":1},{"ChannelId":1,"DeviceId":1,"GroupId":1,"Id":69,"Name":"Output65","Address":"Y4.1","Mode":0,"Description":null,"DataType":0,"Resolution":0,"IsScaling":false,"AImin":0,"AImax":0,"RLmin":0,"RLmax":0,"Offset":1},{"ChannelId":1,"DeviceId":1,"GroupId":1,"Id":70,"Name":"Output66","Address":"Y4.2","Mode":0,"Description":null,"DataType":0,"Resolution":0,"IsScaling":false,"AImin":0,"AImax":0,"RLmin":0,"RLmax":0,"Offset":1},{"ChannelId":1,"DeviceId":1,"GroupId":1,"Id":71,"Name":"Output67","Address":"Y4.3","Mode":0,"Description":null,"DataType":0,"Resolution":0,"IsScaling":false,"AImin":0,"AImax":0,"RLmin":0,"RLmax":0,"Offset":1},{"ChannelId":1,"DeviceId":1,"GroupId":1,"Id":72,"Name":"Output68","Address":"Y4.4","Mode":0,"Description":null,"DataType":0,"Resolution":0,"IsScaling":false,"AImin":0,"AImax":0,"RLmin":0,"RLmax":0,"Offset":1},{"ChannelId":1,"DeviceId":1,"GroupId":1,"Id":73,"Name":"Output69","Address":"Y4.5","Mode":0,"Description":null,"DataType":0,"Resolution":0,"IsScaling":false,"AImin":0,"AImax":0,"RLmin":0,"RLmax":0,"Offset":1},{"ChannelId":1,"DeviceId":1,"GroupId":1,"Id":74,"Name":"Output70","Address":"Y4.6","Mode":0,"Description":null,"DataType":0,"Resolution":0,"IsScaling":false,"AImin":0,"AImax":0,"RLmin":0,"RLmax":0,"Offset":1},{"ChannelId":1,"DeviceId":1,"GroupId":1,"Id":75,"Name":"Output71","Address":"Y4.7","Mode":0,"Description":null,"DataType":0,"Resolution":0,"IsScaling":false,"AImin":0,"AImax":0,"RLmin":0,"RLmax":0,"Offset":1},{"ChannelId":1,"DeviceId":1,"GroupId":1,"Id":76,"Name":"Output72","Address":"Y4.8","Mode":0,"Description":null,"DataType":0,"Resolution":0,"IsScaling":false,"AImin":0,"AImax":0,"RLmin":0,"RLmax":0,"Offset":1},{"ChannelId":1,"DeviceId":1,"GroupId":1,"Id":77,"Name":"Output73","Address":"Y4.9","Mode":0,"Description":null,"DataType":0,"Resolution":0,"IsScaling":false,"AImin":0,"AImax":0,"RLmin":0,"RLmax":0,"Offset":1},{"ChannelId":1,"DeviceId":1,"GroupId":1,"Id":78,"Name":"Output74","Address":"Y4.10","Mode":0,"Description":null,"DataType":0,"Resolution":0,"IsScaling":false,"AImin":0,"AImax":0,"RLmin":0,"RLmax":0,"Offset":1},{"ChannelId":1,"DeviceId":1,"GroupId":1,"Id":79,"Name":"Output75","Address":"Y4.11","Mode":0,"Description":null,"DataType":0,"Resolution":0,"IsScaling":false,"AImin":0,"AImax":0,"RLmin":0,"RLmax":0,"Offset":1},{"ChannelId":1,"DeviceId":1,"GroupId":1,"Id":80,"Name":"Output76","Address":"Y4.12","Mode":0,"Description":null,"DataType":0,"Resolution":0,"IsScaling":false,"AImin":0,"AImax":0,"RLmin":0,"RLmax":0,"Offset":1},{"ChannelId":1,"DeviceId":1,"GroupId":1,"Id":81,"Name":"Output77","Address":"Y4.13","Mode":0,"Description":null,"DataType":0,"Resolution":0,"IsScaling":false,"AImin":0,"AImax":0,"RLmin":0,"RLmax":0,"Offset":1},{"ChannelId":1,"DeviceId":1,"GroupId":1,"Id":82,"Name":"Output78","Address":"Y4.14","Mode":0,"Description":null,"DataType":0,"Resolution":0,"IsScaling":false,"AImin":0,"AImax":0,"RLmin":0,"RLmax":0,"Offset":1},{"ChannelId":1,"DeviceId":1,"GroupId":1,"Id":83,"Name":"Output79","Address":"Y4.15","Mode":0,"Description":null,"DataType":0,"Resolution":0,"IsScaling":false,"AImin":0,"AImax":0,"RLmin":0,"RLmax":0,"Offset":1},{"ChannelId":1,"DeviceId":1,"GroupId":1,"Id":84,"Name":"Output80","Address":"Y5.0","Mode":0,"Description":null,"DataType":0,"Resolution":0,"IsScaling":false,"AImin":0,"AImax":0,"RLmin":0,"RLmax":0,"Offset":1},{"ChannelId":1,"DeviceId":1,"GroupId":1,"Id":85,"Name":"Output81","Address":"Y5.1","Mode":0,"Description":null,"DataType":0,"Resolution":0,"IsScaling":false,"AImin":0,"AImax":0,"RLmin":0,"RLmax":0,"Offset":1},{"ChannelId":1,"DeviceId":1,"GroupId":1,"Id":86,"Name":"Output82","Address":"Y5.2","Mode":0,"Description":null,"DataType":0,"Resolution":0,"IsScaling":false,"AImin":0,"AImax":0,"RLmin":0,"RLmax":0,"Offset":1},{"ChannelId":1,"DeviceId":1,"GroupId":1,"Id":87,"Name":"Output83","Address":"Y5.3","Mode":0,"Description":null,"DataType":0,"Resolution":0,"IsScaling":false,"AImin":0,"AImax":0,"RLmin":0,"RLmax":0,"Offset":1},{"ChannelId":1,"DeviceId":1,"GroupId":1,"Id":88,"Name":"Output84","Address":"Y5.4","Mode":0,"Description":null,"DataType":0,"Resolution":0,"IsScaling":false,"AImin":0,"AImax":0,"RLmin":0,"RLmax":0,"Offset":1},{"ChannelId":1,"DeviceId":1,"GroupId":1,"Id":89,"Name":"Output85","Address":"Y5.5","Mode":0,"Description":null,"DataType":0,"Resolution":0,"IsScaling":false,"AImin":0,"AImax":0,"RLmin":0,"RLmax":0,"Offset":1},{"ChannelId":1,"DeviceId":1,"GroupId":1,"Id":90,"Name":"Output86","Address":"Y5.6","Mode":0,"Description":null,"DataType":0,"Resolution":0,"IsScaling":false,"AImin":0,"AImax":0,"RLmin":0,"RLmax":0,"Offset":1},{"ChannelId":1,"DeviceId":1,"GroupId":1,"Id":91,"Name":"Output87","Address":"Y5.7","Mode":0,"Description":null,"DataType":0,"Resolution":0,"IsScaling":false,"AImin":0,"AImax":0,"RLmin":0,"RLmax":0,"Offset":1},{"ChannelId":1,"DeviceId":1,"GroupId":1,"Id":92,"Name":"Output88","Address":"Y5.8","Mode":0,"Description":null,"DataType":0,"Resolution":0,"IsScaling":false,"AImin":0,"AImax":0,"RLmin":0,"RLmax":0,"Offset":1},{"ChannelId":1,"DeviceId":1,"GroupId":1,"Id":93,"Name":"Output89","Address":"Y5.9","Mode":0,"Description":null,"DataType":0,"Resolution":0,"IsScaling":false,"AImin":0,"AImax":0,"RLmin":0,"RLmax":0,"Offset":1},{"ChannelId":1,"DeviceId":1,"GroupId":1,"Id":94,"Name":"Output90","Address":"Y5.10","Mode":0,"Description":null,"DataType":0,"Resolution":0,"IsScaling":false,"AImin":0,"AImax":0,"RLmin":0,"RLmax":0,"Offset":1},{"ChannelId":1,"DeviceId":1,"GroupId":1,"Id":95,"Name":"Output91","Address":"Y5.11","Mode":0,"Description":null,"DataType":0,"Resolution":0,"IsScaling":false,"AImin":0,"AImax":0,"RLmin":0,"RLmax":0,"Offset":1},{"ChannelId":1,"DeviceId":1,"GroupId":1,"Id":96,"Name":"Output92","Address":"Y5.12","Mode":0,"Description":null,"DataType":0,"Resolution":0,"IsScaling":false,"AImin":0,"AImax":0,"RLmin":0,"RLmax":0,"Offset":1},{"ChannelId":1,"DeviceId":1,"GroupId":1,"Id":97,"Name":"Output93","Address":"Y5.13","Mode":0,"Description":null,"DataType":0,"Resolution":0,"IsScaling":false,"AImin":0,"AImax":0,"RLmin":0,"RLmax":0,"Offset":1},{"ChannelId":1,"DeviceId":1,"GroupId":1,"Id":98,"Name":"Output94","Address":"Y5.14","Mode":0,"Description":null,"DataType":0,"Resolution":0,"IsScaling":false,"AImin":0,"AImax":0,"RLmin":0,"RLmax":0,"Offset":1},{"ChannelId":1,"DeviceId":1,"GroupId":1,"Id":99,"Name":"Output95","Address":"Y5.15","Mode":0,"Description":null,"DataType":0,"Resolution":0,"IsScaling":false,"AImin":0,"AImax":0,"RLmin":0,"RLmax":0,"Offset":1},{"ChannelId":1,"DeviceId":1,"GroupId":1,"Id":100,"Name":"Output96","Address":"Y6.0","Mode":0,"Description":null,"DataType":0,"Resolution":0,"IsScaling":false,"AImin":0,"AImax":0,"RLmin":0,"RLmax":0,"Offset":1},{"ChannelId":1,"DeviceId":1,"GroupId":1,"Id":101,"Name":"Output97","Address":"Y6.1","Mode":0,"Description":null,"DataType":0,"Resolution":0,"IsScaling":false,"AImin":0,"AImax":0,"RLmin":0,"RLmax":0,"Offset":1},{"ChannelId":1,"DeviceId":1,"GroupId":1,"Id":102,"Name":"Output98","Address":"Y6.2","Mode":0,"Description":null,"DataType":0,"Resolution":0,"IsScaling":false,"AImin":0,"AImax":0,"RLmin":0,"RLmax":0,"Offset":1},{"ChannelId":1,"DeviceId":1,"GroupId":1,"Id":103,"Name":"Output99","Address":"Y6.3","Mode":0,"Description":null,"DataType":0,"Resolution":0,"IsScaling":false,"AImin":0,"AImax":0,"RLmin":0,"RLmax":0,"Offset":1},{"ChannelId":1,"DeviceId":1,"GroupId":1,"Id":104,"Name":"Output100","Address":"Y6.4","Mode":0,"Description":null,"DataType":0,"Resolution":0,"IsScaling":false,"AImin":0,"AImax":0,"RLmin":0,"RLmax":0,"Offset":1},{"ChannelId":1,"DeviceId":1,"GroupId":1,"Id":105,"Name":"Output101","Address":"Y6.5","Mode":0,"Description":null,"DataType":0,"Resolution":0,"IsScaling":false,"AImin":0,"AImax":0,"RLmin":0,"RLmax":0,"Offset":1},{"ChannelId":1,"DeviceId":1,"GroupId":1,"Id":106,"Name":"Output102","Address":"Y6.6","Mode":0,"Description":null,"DataType":0,"Resolution":0,"IsScaling":false,"AImin":0,"AImax":0,"RLmin":0,"RLmax":0,"Offset":1},{"ChannelId":1,"DeviceId":1,"GroupId":1,"Id":107,"Name":"Output103","Address":"Y6.7","Mode":0,"Description":null,"DataType":0,"Resolution":0,"IsScaling":false,"AImin":0,"AImax":0,"RLmin":0,"RLmax":0,"Offset":1},{"ChannelId":1,"DeviceId":1,"GroupId":1,"Id":108,"Name":"Output104","Address":"Y6.8","Mode":0,"Description":null,"DataType":0,"Resolution":0,"IsScaling":false,"AImin":0,"AImax":0,"RLmin":0,"RLmax":0,"Offset":1},{"ChannelId":1,"DeviceId":1,"GroupId":1,"Id":109,"Name":"Output105","Address":"Y6.9","Mode":0,"Description":null,"DataType":0,"Resolution":0,"IsScaling":false,"AImin":0,"AImax":0,"RLmin":0,"RLmax":0,"Offset":1},{"ChannelId":1,"DeviceId":1,"GroupId":1,"Id":110,"Name":"Output106","Address":"Y6.10","Mode":0,"Description":null,"DataType":0,"Resolution":0,"IsScaling":false,"AImin":0,"AImax":0,"RLmin":0,"RLmax":0,"Offset":1},{"ChannelId":1,"DeviceId":1,"GroupId":1,"Id":111,"Name":"Output107","Address":"Y6.11","Mode":0,"Description":null,"DataType":0,"Resolution":0,"IsScaling":false,"AImin":0,"AImax":0,"RLmin":0,"RLmax":0,"Offset":1},{"ChannelId":1,"DeviceId":1,"GroupId":1,"Id":112,"Name":"Output108","Address":"Y6.12","Mode":0,"Description":null,"DataType":0,"Resolution":0,"IsScaling":false,"AImin":0,"AImax":0,"RLmin":0,"RLmax":0,"Offset":1},{"ChannelId":1,"DeviceId":1,"GroupId":1,"Id":113,"Name":"Output109","Address":"Y6.13","Mode":0,"Description":null,"DataType":0,"Resolution":0,"IsScaling":false,"AImin":0,"AImax":0,"RLmin":0,"RLmax":0,"Offset":1},{"ChannelId":1,"DeviceId":1,"GroupId":1,"Id":114,"Name":"Output110","Address":"Y6.14","Mode":0,"Description":null,"DataType":0,"Resolution":0,"IsScaling":false,"AImin":0,"AImax":0,"RLmin":0,"RLmax":0,"Offset":1},{"ChannelId":1,"DeviceId":1,"GroupId":1,"Id":115,"Name":"Output111","Address":"Y6.15","Mode":0,"Description":null,"DataType":0,"Resolution":0,"IsScaling":false,"AImin":0,"AImax":0,"RLmin":0,"RLmax":0,"Offset":1},{"ChannelId":1,"DeviceId":1,"GroupId":1,"Id":116,"Name":"Output112","Address":"Y7.0","Mode":0,"Description":null,"DataType":0,"Resolution":0,"IsScaling":false,"AImin":0,"AImax":0,"RLmin":0,"RLmax":0,"Offset":1},{"ChannelId":1,"DeviceId":1,"GroupId":1,"Id":117,"Name":"Output113","Address":"Y7.1","Mode":0,"Description":null,"DataType":0,"Resolution":0,"IsScaling":false,"AImin":0,"AImax":0,"RLmin":0,"RLmax":0,"Offset":1},{"ChannelId":1,"DeviceId":1,"GroupId":1,"Id":118,"Name":"Output114","Address":"Y7.2","Mode":0,"Description":null,"DataType":0,"Resolution":0,"IsScaling":false,"AImin":0,"AImax":0,"RLmin":0,"RLmax":0,"Offset":1},{"ChannelId":1,"DeviceId":1,"GroupId":1,"Id":119,"Name":"Output115","Address":"Y7.3","Mode":0,"Description":null,"DataType":0,"Resolution":0,"IsScaling":false,"AImin":0,"AImax":0,"RLmin":0,"RLmax":0,"Offset":1},{"ChannelId":1,"DeviceId":1,"GroupId":1,"Id":120,"Name":"Output116","Address":"Y7.4","Mode":0,"Description":null,"DataType":0,"Resolution":0,"IsScaling":false,"AImin":0,"AImax":0,"RLmin":0,"RLmax":0,"Offset":1},{"ChannelId":1,"DeviceId":1,"GroupId":1,"Id":121,"Name":"Output117","Address":"Y7.5","Mode":0,"Description":null,"DataType":0,"Resolution":0,"IsScaling":false,"AImin":0,"AImax":0,"RLmin":0,"RLmax":0,"Offset":1},{"ChannelId":1,"DeviceId":1,"GroupId":1,"Id":122,"Name":"Output118","Address":"Y7.6","Mode":0,"Description":null,"DataType":0,"Resolution":0,"IsScaling":false,"AImin":0,"AImax":0,"RLmin":0,"RLmax":0,"Offset":1},{"ChannelId":1,"DeviceId":1,"GroupId":1,"Id":123,"Name":"Output119","Address":"Y7.7","Mode":0,"Description":null,"DataType":0,"Resolution":0,"IsScaling":false,"AImin":0,"AImax":0,"RLmin":0,"RLmax":0,"Offset":1},{"ChannelId":1,"DeviceId":1,"GroupId":1,"Id":124,"Name":"Output120","Address":"Y7.8","Mode":0,"Description":null,"DataType":0,"Resolution":0,"IsScaling":false,"AImin":0,"AImax":0,"RLmin":0,"RLmax":0,"Offset":1},{"ChannelId":1,"DeviceId":1,"GroupId":1,"Id":125,"Name":"Output121","Address":"Y7.9","Mode":0,"Description":null,"DataType":0,"Resolution":0,"IsScaling":false,"AImin":0,"AImax":0,"RLmin":0,"RLmax":0,"Offset":1},{"ChannelId":1,"DeviceId":1,"GroupId":1,"Id":126,"Name":"Output122","Address":"Y7.10","Mode":0,"Description":null,"DataType":0,"Resolution":0,"IsScaling":false,"AImin":0,"AImax":0,"RLmin":0,"RLmax":0,"Offset":1},{"ChannelId":1,"DeviceId":1,"GroupId":1,"Id":127,"Name":"Output123","Address":"Y7.11","Mode":0,"Description":null,"DataType":0,"Resolution":0,"IsScaling":false,"AImin":0,"AImax":0,"RLmin":0,"RLmax":0,"Offset":1},{"ChannelId":1,"DeviceId":1,"GroupId":1,"Id":128,"Name":"Output124","Address":"Y7.12","Mode":0,"Description":null,"DataType":0,"Resolution":0,"IsScaling":false,"AImin":0,"AImax":0,"RLmin":0,"RLmax":0,"Offset":1},{"ChannelId":1,"DeviceId":1,"GroupId":1,"Id":129,"Name":"Output125","Address":"Y7.13","Mode":0,"Description":null,"DataType":0,"Resolution":0,"IsScaling":false,"AImin":0,"AImax":0,"RLmin":0,"RLmax":0,"Offset":1},{"ChannelId":1,"DeviceId":1,"GroupId":1,"Id":130,"Name":"Output126","Address":"Y7.14","Mode":0,"Description":null,"DataType":0,"Resolution":0,"IsScaling":false,"AImin":0,"AImax":0,"RLmin":0,"RLmax":0,"Offset":1},{"ChannelId":1,"DeviceId":1,"GroupId":1,"Id":131,"Name":"Output127","Address":"Y7.15","Mode":0,"Description":null,"DataType":0,"Resolution":0,"IsScaling":false,"AImin":0,"AImax":0,"RLmin":0,"RLmax":0,"Offset":1}]},{"ChannelId":1,"DeviceId":1,"Id":2,"Name":"M_AREA","Description":null,"Tags":[{"ChannelId":1,"DeviceId":1,"GroupId":2,"Id":1,"Name":"Flag0","Address":"M0","Mode":0,"Description":null,"DataType":0,"Resolution":0,"IsScaling":false,"AImin":0,"AImax":0,"RLmin":0,"RLmax":0,"Offset":1},{"ChannelId":1,"DeviceId":1,"GroupId":2,"Id":2,"Name":"Flag1","Address":"M1","Mode":0,"Description":null,"DataType":0,"Resolution":0,"IsScaling":false,"AImin":0,"AImax":0,"RLmin":0,"RLmax":0,"Offset":1},{"ChannelId":1,"DeviceId":1,"GroupId":2,"Id":3,"Name":"Flag2","Address":"M2","Mode":0,"Description":null,"DataType":0,"Resolution":0,"IsScaling":false,"AImin":0,"AImax":0,"RLmin":0,"RLmax":0,"Offset":1},{"ChannelId":1,"DeviceId":1,"GroupId":2,"Id":4,"Name":"Flag3","Address":"M3","Mode":0,"Description":null,"DataType":0,"Resolution":0,"IsScaling":false,"AImin":0,"AImax":0,"RLmin":0,"RLmax":0,"Offset":1},{"ChannelId":1,"DeviceId":1,"GroupId":2,"Id":5,"Name":"Flag4","Address":"M4","Mode":0,"Description":null,"DataType":0,"Resolution":0,"IsScaling":false,"AImin":0,"AImax":0,"RLmin":0,"RLmax":0,"Offset":1},{"ChannelId":1,"DeviceId":1,"GroupId":2,"Id":6,"Name":"Flag5","Address":"M5","Mode":0,"Description":null,"DataType":0,"Resolution":0,"IsScaling":false,"AImin":0,"AImax":0,"RLmin":0,"RLmax":0,"Offset":1},{"ChannelId":1,"DeviceId":1,"GroupId":2,"Id":7,"Name":"Flag6","Address":"M6","Mode":0,"Description":null,"DataType":0,"Resolution":0,"IsScaling":false,"AImin":0,"AImax":0,"RLmin":0,"RLmax":0,"Offset":1},{"ChannelId":1,"DeviceId":1,"GroupId":2,"Id":8,"Name":"Flag7","Address":"M7","Mode":0,"Description":null,"DataType":0,"Resolution":0,"IsScaling":false,"AImin":0,"AImax":0,"RLmin":0,"RLmax":0,"Offset":1},{"ChannelId":1,"DeviceId":1,"GroupId":2,"Id":9,"Name":"Flag8","Address":"M8","Mode":0,"Description":null,"DataType":0,"Resolution":0,"IsScaling":false,"AImin":0,"AImax":0,"RLmin":0,"RLmax":0,"Offset":1},{"ChannelId":1,"DeviceId":1,"GroupId":2,"Id":10,"Name":"Flag9","Address":"M9","Mode":0,"Description":null,"DataType":0,"Resolution":0,"IsScaling":false,"AImin":0,"AImax":0,"RLmin":0,"RLmax":0,"Offset":1},{"ChannelId":1,"DeviceId":1,"GroupId":2,"Id":11,"Name":"Flag10","Address":"M10","Mode":0,"Description":null,"DataType":0,"Resolution":0,"IsScaling":false,"AImin":0,"AImax":0,"RLmin":0,"RLmax":0,"Offset":1},{"ChannelId":1,"DeviceId":1,"GroupId":2,"Id":12,"Name":"Flag11","Address":"M11","Mode":0,"Description":null,"DataType":0,"Resolution":0,"IsScaling":false,"AImin":0,"AImax":0,"RLmin":0,"RLmax":0,"Offset":1},{"ChannelId":1,"DeviceId":1,"GroupId":2,"Id":13,"Name":"Flag12","Address":"M12","Mode":0,"Description":null,"DataType":0,"Resolution":0,"IsScaling":false,"AImin":0,"AImax":0,"RLmin":0,"RLmax":0,"Offset":1},{"ChannelId":1,"DeviceId":1,"GroupId":2,"Id":14,"Name":"Flag13","Address":"M13","Mode":0,"Description":null,"DataType":0,"Resolution":0,"IsScaling":false,"AImin":0,"AImax":0,"RLmin":0,"RLmax":0,"Offset":1},{"ChannelId":1,"DeviceId":1,"GroupId":2,"Id":15,"Name":"Flag14","Address":"M14","Mode":0,"Description":null,"DataType":0,"Resolution":0,"IsScaling":false,"AImin":0,"AImax":0,"RLmin":0,"RLmax":0,"Offset":1},{"ChannelId":1,"DeviceId":1,"GroupId":2,"Id":16,"Name":"Flag15","Address":"M15","Mode":0,"Description":null,"DataType":0,"Resolution":0,"IsScaling":false,"AImin":0,"AImax":0,"RLmin":0,"RLmax":0,"Offset":1},{"ChannelId":1,"DeviceId":1,"GroupId":2,"Id":17,"Name":"Flag16","Address":"M16","Mode":0,"Description":null,"DataType":0,"Resolution":0,"IsScaling":false,"AImin":0,"AImax":0,"RLmin":0,"RLmax":0,"Offset":1},{"ChannelId":1,"DeviceId":1,"GroupId":2,"Id":18,"Name":"Flag17","Address":"M17","Mode":0,"Description":null,"DataType":0,"Resolution":0,"IsScaling":false,"AImin":0,"AImax":0,"RLmin":0,"RLmax":0,"Offset":1},{"ChannelId":1,"DeviceId":1,"GroupId":2,"Id":19,"Name":"Flag18","Address":"M18","Mode":0,"Description":null,"DataType":0,"Resolution":0,"IsScaling":false,"AImin":0,"AImax":0,"RLmin":0,"RLmax":0,"Offset":1},{"ChannelId":1,"DeviceId":1,"GroupId":2,"Id":20,"Name":"Flag19","Address":"M19","Mode":0,"Description":null,"DataType":0,"Resolution":0,"IsScaling":false,"AImin":0,"AImax":0,"RLmin":0,"RLmax":0,"Offset":1},{"ChannelId":1,"DeviceId":1,"GroupId":2,"Id":21,"Name":"Flag20","Address":"M20","Mode":0,"Description":null,"DataType":0,"Resolution":0,"IsScaling":false,"AImin":0,"AImax":0,"RLmin":0,"RLmax":0,"Offset":1},{"ChannelId":1,"DeviceId":1,"GroupId":2,"Id":22,"Name":"Flag21","Address":"M21","Mode":0,"Description":null,"DataType":0,"Resolution":0,"IsScaling":false,"AImin":0,"AImax":0,"RLmin":0,"RLmax":0,"Offset":1},{"ChannelId":1,"DeviceId":1,"GroupId":2,"Id":23,"Name":"Flag22","Address":"M22","Mode":0,"Description":null,"DataType":0,"Resolution":0,"IsScaling":false,"AImin":0,"AImax":0,"RLmin":0,"RLmax":0,"Offset":1},{"ChannelId":1,"DeviceId":1,"GroupId":2,"Id":24,"Name":"Flag23","Address":"M23","Mode":0,"Description":null,"DataType":0,"Resolution":0,"IsScaling":false,"AImin":0,"AImax":0,"RLmin":0,"RLmax":0,"Offset":1},{"ChannelId":1,"DeviceId":1,"GroupId":2,"Id":25,"Name":"Flag24","Address":"M24","Mode":0,"Description":null,"DataType":0,"Resolution":0,"IsScaling":false,"AImin":0,"AImax":0,"RLmin":0,"RLmax":0,"Offset":1},{"ChannelId":1,"DeviceId":1,"GroupId":2,"Id":26,"Name":"Flag25","Address":"M25","Mode":0,"Description":null,"DataType":0,"Resolution":0,"IsScaling":false,"AImin":0,"AImax":0,"RLmin":0,"RLmax":0,"Offset":1},{"ChannelId":1,"DeviceId":1,"GroupId":2,"Id":27,"Name":"Flag26","Address":"M26","Mode":0,"Description":null,"DataType":0,"Resolution":0,"IsScaling":false,"AImin":0,"AImax":0,"RLmin":0,"RLmax":0,"Offset":1},{"ChannelId":1,"DeviceId":1,"GroupId":2,"Id":28,"Name":"Flag27","Address":"M27","Mode":0,"Description":null,"DataType":0,"Resolution":0,"IsScaling":false,"AImin":0,"AImax":0,"RLmin":0,"RLmax":0,"Offset":1},{"ChannelId":1,"DeviceId":1,"GroupId":2,"Id":29,"Name":"Flag28","Address":"M28","Mode":0,"Description":null,"DataType":0,"Resolution":0,"IsScaling":false,"AImin":0,"AImax":0,"RLmin":0,"RLmax":0,"Offset":1},{"ChannelId":1,"DeviceId":1,"GroupId":2,"Id":30,"Name":"Flag29","Address":"M29","Mode":0,"Description":null,"DataType":0,"Resolution":0,"IsScaling":false,"AImin":0,"AImax":0,"RLmin":0,"RLmax":0,"Offset":1},{"ChannelId":1,"DeviceId":1,"GroupId":2,"Id":31,"Name":"Flag30","Address":"M30","Mode":0,"Description":null,"DataType":0,"Resolution":0,"IsScaling":false,"AImin":0,"AImax":0,"RLmin":0,"RLmax":0,"Offset":1},{"ChannelId":1,"DeviceId":1,"GroupId":2,"Id":32,"Name":"Flag31","Address":"M31","Mode":0,"Description":null,"DataType":0,"Resolution":0,"IsScaling":false,"AImin":0,"AImax":0,"RLmin":0,"RLmax":0,"Offset":1},{"ChannelId":1,"DeviceId":1,"GroupId":2,"Id":33,"Name":"Flag32","Address":"M32","Mode":0,"Description":null,"DataType":0,"Resolution":0,"IsScaling":false,"AImin":0,"AImax":0,"RLmin":0,"RLmax":0,"Offset":1},{"ChannelId":1,"DeviceId":1,"GroupId":2,"Id":34,"Name":"Flag33","Address":"M33","Mode":0,"Description":null,"DataType":0,"Resolution":0,"IsScaling":false,"AImin":0,"AImax":0,"RLmin":0,"RLmax":0,"Offset":1},{"ChannelId":1,"DeviceId":1,"GroupId":2,"Id":35,"Name":"Flag34","Address":"M34","Mode":0,"Description":null,"DataType":0,"Resolution":0,"IsScaling":false,"AImin":0,"AImax":0,"RLmin":0,"RLmax":0,"Offset":1},{"ChannelId":1,"DeviceId":1,"GroupId":2,"Id":36,"Name":"Flag35","Address":"M35","Mode":0,"Description":null,"DataType":0,"Resolution":0,"IsScaling":false,"AImin":0,"AImax":0,"RLmin":0,"RLmax":0,"Offset":1},{"ChannelId":1,"DeviceId":1,"GroupId":2,"Id":37,"Name":"Flag36","Address":"M36","Mode":0,"Description":null,"DataType":0,"Resolution":0,"IsScaling":false,"AImin":0,"AImax":0,"RLmin":0,"RLmax":0,"Offset":1},{"ChannelId":1,"DeviceId":1,"GroupId":2,"Id":38,"Name":"Flag37","Address":"M37","Mode":0,"Description":null,"DataType":0,"Resolution":0,"IsScaling":false,"AImin":0,"AImax":0,"RLmin":0,"RLmax":0,"Offset":1},{"ChannelId":1,"DeviceId":1,"GroupId":2,"Id":39,"Name":"Flag38","Address":"M38","Mode":0,"Description":null,"DataType":0,"Resolution":0,"IsScaling":false,"AImin":0,"AImax":0,"RLmin":0,"RLmax":0,"Offset":1},{"ChannelId":1,"DeviceId":1,"GroupId":2,"Id":40,"Name":"Flag39","Address":"M39","Mode":0,"Description":null,"DataType":0,"Resolution":0,"IsScaling":false,"AImin":0,"AImax":0,"RLmin":0,"RLmax":0,"Offset":1},{"ChannelId":1,"DeviceId":1,"GroupId":2,"Id":41,"Name":"Flag40","Address":"M40","Mode":0,"Description":null,"DataType":0,"Resolution":0,"IsScaling":false,"AImin":0,"AImax":0,"RLmin":0,"RLmax":0,"Offset":1},{"ChannelId":1,"DeviceId":1,"GroupId":2,"Id":42,"Name":"Flag41","Address":"M41","Mode":0,"Description":null,"DataType":0,"Resolution":0,"IsScaling":false,"AImin":0,"AImax":0,"RLmin":0,"RLmax":0,"Offset":1},{"ChannelId":1,"DeviceId":1,"GroupId":2,"Id":43,"Name":"Flag42","Address":"M42","Mode":0,"Description":null,"DataType":0,"Resolution":0,"IsScaling":false,"AImin":0,"AImax":0,"RLmin":0,"RLmax":0,"Offset":1},{"ChannelId":1,"DeviceId":1,"GroupId":2,"Id":44,"Name":"Flag43","Address":"M43","Mode":0,"Description":null,"DataType":0,"Resolution":0,"IsScaling":false,"AImin":0,"AImax":0,"RLmin":0,"RLmax":0,"Offset":1},{"ChannelId":1,"DeviceId":1,"GroupId":2,"Id":45,"Name":"Flag44","Address":"M44","Mode":0,"Description":null,"DataType":0,"Resolution":0,"IsScaling":false,"AImin":0,"AImax":0,"RLmin":0,"RLmax":0,"Offset":1},{"ChannelId":1,"DeviceId":1,"GroupId":2,"Id":46,"Name":"Flag45","Address":"M45","Mode":0,"Description":null,"DataType":0,"Resolution":0,"IsScaling":false,"AImin":0,"AImax":0,"RLmin":0,"RLmax":0,"Offset":1},{"ChannelId":1,"DeviceId":1,"GroupId":2,"Id":47,"Name":"Flag46","Address":"M46","Mode":0,"Description":null,"DataType":0,"Resolution":0,"IsScaling":false,"AImin":0,"AImax":0,"RLmin":0,"RLmax":0,"Offset":1},{"ChannelId":1,"DeviceId":1,"GroupId":2,"Id":48,"Name":"Flag47","Address":"M47","Mode":0,"Description":null,"DataType":0,"Resolution":0,"IsScaling":false,"AImin":0,"AImax":0,"RLmin":0,"RLmax":0,"Offset":1},{"ChannelId":1,"DeviceId":1,"GroupId":2,"Id":49,"Name":"Flag48","Address":"M48","Mode":0,"Description":null,"DataType":0,"Resolution":0,"IsScaling":false,"AImin":0,"AImax":0,"RLmin":0,"RLmax":0,"Offset":1},{"ChannelId":1,"DeviceId":1,"GroupId":2,"Id":50,"Name":"Flag49","Address":"M49","Mode":0,"Description":null,"DataType":0,"Resolution":0,"IsScaling":false,"AImin":0,"AImax":0,"RLmin":0,"RLmax":0,"Offset":1},{"ChannelId":1,"DeviceId":1,"GroupId":2,"Id":51,"Name":"Flag50","Address":"M50","Mode":0,"Description":null,"DataType":0,"Resolution":0,"IsScaling":false,"AImin":0,"AImax":0,"RLmin":0,"RLmax":0,"Offset":1},{"ChannelId":1,"DeviceId":1,"GroupId":2,"Id":52,"Name":"Flag51","Address":"M51","Mode":0,"Description":null,"DataType":0,"Resolution":0,"IsScaling":false,"AImin":0,"AImax":0,"RLmin":0,"RLmax":0,"Offset":1},{"ChannelId":1,"DeviceId":1,"GroupId":2,"Id":53,"Name":"Flag52","Address":"M52","Mode":0,"Description":null,"DataType":0,"Resolution":0,"IsScaling":false,"AImin":0,"AImax":0,"RLmin":0,"RLmax":0,"Offset":1},{"ChannelId":1,"DeviceId":1,"GroupId":2,"Id":54,"Name":"Flag53","Address":"M53","Mode":0,"Description":null,"DataType":0,"Resolution":0,"IsScaling":false,"AImin":0,"AImax":0,"RLmin":0,"RLmax":0,"Offset":1},{"ChannelId":1,"DeviceId":1,"GroupId":2,"Id":55,"Name":"Flag54","Address":"M54","Mode":0,"Description":null,"DataType":0,"Resolution":0,"IsScaling":false,"AImin":0,"AImax":0,"RLmin":0,"RLmax":0,"Offset":1},{"ChannelId":1,"DeviceId":1,"GroupId":2,"Id":56,"Name":"Flag55","Address":"M55","Mode":0,"Description":null,"DataType":0,"Resolution":0,"IsScaling":false,"AImin":0,"AImax":0,"RLmin":0,"RLmax":0,"Offset":1},{"ChannelId":1,"DeviceId":1,"GroupId":2,"Id":57,"Name":"Flag56","Address":"M56","Mode":0,"Description":null,"DataType":0,"Resolution":0,"IsScaling":false,"AImin":0,"AImax":0,"RLmin":0,"RLmax":0,"Offset":1},{"ChannelId":1,"DeviceId":1,"GroupId":2,"Id":58,"Name":"Flag57","Address":"M57","Mode":0,"Description":null,"DataType":0,"Resolution":0,"IsScaling":false,"AImin":0,"AImax":0,"RLmin":0,"RLmax":0,"Offset":1},{"ChannelId":1,"DeviceId":1,"GroupId":2,"Id":59,"Name":"Flag58","Address":"M58","Mode":0,"Description":null,"DataType":0,"Resolution":0,"IsScaling":false,"AImin":0,"AImax":0,"RLmin":0,"RLmax":0,"Offset":1},{"ChannelId":1,"DeviceId":1,"GroupId":2,"Id":60,"Name":"Flag59","Address":"M59","Mode":0,"Description":null,"DataType":0,"Resolution":0,"IsScaling":false,"AImin":0,"AImax":0,"RLmin":0,"RLmax":0,"Offset":1},{"ChannelId":1,"DeviceId":1,"GroupId":2,"Id":61,"Name":"Flag60","Address":"M60","Mode":0,"Description":null,"DataType":0,"Resolution":0,"IsScaling":false,"AImin":0,"AImax":0,"RLmin":0,"RLmax":0,"Offset":1},{"ChannelId":1,"DeviceId":1,"GroupId":2,"Id":62,"Name":"Flag61","Address":"M61","Mode":0,"Description":null,"DataType":0,"Resolution":0,"IsScaling":false,"AImin":0,"AImax":0,"RLmin":0,"RLmax":0,"Offset":1},{"ChannelId":1,"DeviceId":1,"GroupId":2,"Id":63,"Name":"Flag62","Address":"M62","Mode":0,"Description":null,"DataType":0,"Resolution":0,"IsScaling":false,"AImin":0,"AImax":0,"RLmin":0,"RLmax":0,"Offset":1},{"ChannelId":1,"DeviceId":1,"GroupId":2,"Id":64,"Name":"Flag63","Address":"M63","Mode":0,"Description":null,"DataType":0,"Resolution":0,"IsScaling":false,"AImin":0,"AImax":0,"RLmin":0,"RLmax":0,"Offset":1},{"ChannelId":1,"DeviceId":1,"GroupId":2,"Id":65,"Name":"Flag64","Address":"M64","Mode":0,"Description":null,"DataType":0,"Resolution":0,"IsScaling":false,"AImin":0,"AImax":0,"RLmin":0,"RLmax":0,"Offset":1},{"ChannelId":1,"DeviceId":1,"GroupId":2,"Id":66,"Name":"Flag65","Address":"M65","Mode":0,"Description":null,"DataType":0,"Resolution":0,"IsScaling":false,"AImin":0,"AImax":0,"RLmin":0,"RLmax":0,"Offset":1},{"ChannelId":1,"DeviceId":1,"GroupId":2,"Id":67,"Name":"Flag66","Address":"M66","Mode":0,"Description":null,"DataType":0,"Resolution":0,"IsScaling":false,"AImin":0,"AImax":0,"RLmin":0,"RLmax":0,"Offset":1},{"ChannelId":1,"DeviceId":1,"GroupId":2,"Id":68,"Name":"Flag67","Address":"M67","Mode":0,"Description":null,"DataType":0,"Resolution":0,"IsScaling":false,"AImin":0,"AImax":0,"RLmin":0,"RLmax":0,"Offset":1},{"ChannelId":1,"DeviceId":1,"GroupId":2,"Id":69,"Name":"Flag68","Address":"M68","Mode":0,"Description":null,"DataType":0,"Resolution":0,"IsScaling":false,"AImin":0,"AImax":0,"RLmin":0,"RLmax":0,"Offset":1},{"ChannelId":1,"DeviceId":1,"GroupId":2,"Id":70,"Name":"Flag69","Address":"M69","Mode":0,"Description":null,"DataType":0,"Resolution":0,"IsScaling":false,"AImin":0,"AImax":0,"RLmin":0,"RLmax":0,"Offset":1},{"ChannelId":1,"DeviceId":1,"GroupId":2,"Id":71,"Name":"Flag70","Address":"M70","Mode":0,"Description":null,"DataType":0,"Resolution":0,"IsScaling":false,"AImin":0,"AImax":0,"RLmin":0,"RLmax":0,"Offset":1},{"ChannelId":1,"DeviceId":1,"GroupId":2,"Id":72,"Name":"Flag71","Address":"M71","Mode":0,"Description":null,"DataType":0,"Resolution":0,"IsScaling":false,"AImin":0,"AImax":0,"RLmin":0,"RLmax":0,"Offset":1},{"ChannelId":1,"DeviceId":1,"GroupId":2,"Id":73,"Name":"Flag72","Address":"M72","Mode":0,"Description":null,"DataType":0,"Resolution":0,"IsScaling":false,"AImin":0,"AImax":0,"RLmin":0,"RLmax":0,"Offset":1},{"ChannelId":1,"DeviceId":1,"GroupId":2,"Id":74,"Name":"Flag73","Address":"M73","Mode":0,"Description":null,"DataType":0,"Resolution":0,"IsScaling":false,"AImin":0,"AImax":0,"RLmin":0,"RLmax":0,"Offset":1},{"ChannelId":1,"DeviceId":1,"GroupId":2,"Id":75,"Name":"Flag74","Address":"M74","Mode":0,"Description":null,"DataType":0,"Resolution":0,"IsScaling":false,"AImin":0,"AImax":0,"RLmin":0,"RLmax":0,"Offset":1},{"ChannelId":1,"DeviceId":1,"GroupId":2,"Id":76,"Name":"Flag75","Address":"M75","Mode":0,"Description":null,"DataType":0,"Resolution":0,"IsScaling":false,"AImin":0,"AImax":0,"RLmin":0,"RLmax":0,"Offset":1},{"ChannelId":1,"DeviceId":1,"GroupId":2,"Id":77,"Name":"Flag76","Address":"M76","Mode":0,"Description":null,"DataType":0,"Resolution":0,"IsScaling":false,"AImin":0,"AImax":0,"RLmin":0,"RLmax":0,"Offset":1},{"ChannelId":1,"DeviceId":1,"GroupId":2,"Id":78,"Name":"Flag77","Address":"M77","Mode":0,"Description":null,"DataType":0,"Resolution":0,"IsScaling":false,"AImin":0,"AImax":0,"RLmin":0,"RLmax":0,"Offset":1},{"ChannelId":1,"DeviceId":1,"GroupId":2,"Id":79,"Name":"Flag78","Address":"M78","Mode":0,"Description":null,"DataType":0,"Resolution":0,"IsScaling":false,"AImin":0,"AImax":0,"RLmin":0,"RLmax":0,"Offset":1},{"ChannelId":1,"DeviceId":1,"GroupId":2,"Id":80,"Name":"Flag79","Address":"M79","Mode":0,"Description":null,"DataType":0,"Resolution":0,"IsScaling":false,"AImin":0,"AImax":0,"RLmin":0,"RLmax":0,"Offset":1},{"ChannelId":1,"DeviceId":1,"GroupId":2,"Id":81,"Name":"Flag80","Address":"M80","Mode":0,"Description":null,"DataType":0,"Resolution":0,"IsScaling":false,"AImin":0,"AImax":0,"RLmin":0,"RLmax":0,"Offset":1},{"ChannelId":1,"DeviceId":1,"GroupId":2,"Id":82,"Name":"Flag81","Address":"M81","Mode":0,"Description":null,"DataType":0,"Resolution":0,"IsScaling":false,"AImin":0,"AImax":0,"RLmin":0,"RLmax":0,"Offset":1},{"ChannelId":1,"DeviceId":1,"GroupId":2,"Id":83,"Name":"Flag82","Address":"M82","Mode":0,"Description":null,"DataType":0,"Resolution":0,"IsScaling":false,"AImin":0,"AImax":0,"RLmin":0,"RLmax":0,"Offset":1},{"ChannelId":1,"DeviceId":1,"GroupId":2,"Id":84,"Name":"Flag83","Address":"M83","Mode":0,"Description":null,"DataType":0,"Resolution":0,"IsScaling":false,"AImin":0,"AImax":0,"RLmin":0,"RLmax":0,"Offset":1},{"ChannelId":1,"DeviceId":1,"GroupId":2,"Id":85,"Name":"Flag84","Address":"M84","Mode":0,"Description":null,"DataType":0,"Resolution":0,"IsScaling":false,"AImin":0,"AImax":0,"RLmin":0,"RLmax":0,"Offset":1},{"ChannelId":1,"DeviceId":1,"GroupId":2,"Id":86,"Name":"Flag85","Address":"M85","Mode":0,"Description":null,"DataType":0,"Resolution":0,"IsScaling":false,"AImin":0,"AImax":0,"RLmin":0,"RLmax":0,"Offset":1},{"ChannelId":1,"DeviceId":1,"GroupId":2,"Id":87,"Name":"Flag86","Address":"M86","Mode":0,"Description":null,"DataType":0,"Resolution":0,"IsScaling":false,"AImin":0,"AImax":0,"RLmin":0,"RLmax":0,"Offset":1},{"ChannelId":1,"DeviceId":1,"GroupId":2,"Id":88,"Name":"Flag87","Address":"M87","Mode":0,"Description":null,"DataType":0,"Resolution":0,"IsScaling":false,"AImin":0,"AImax":0,"RLmin":0,"RLmax":0,"Offset":1},{"ChannelId":1,"DeviceId":1,"GroupId":2,"Id":89,"Name":"Flag88","Address":"M88","Mode":0,"Description":null,"DataType":0,"Resolution":0,"IsScaling":false,"AImin":0,"AImax":0,"RLmin":0,"RLmax":0,"Offset":1},{"ChannelId":1,"DeviceId":1,"GroupId":2,"Id":90,"Name":"Flag89","Address":"M89","Mode":0,"Description":null,"DataType":0,"Resolution":0,"IsScaling":false,"AImin":0,"AImax":0,"RLmin":0,"RLmax":0,"Offset":1},{"ChannelId":1,"DeviceId":1,"GroupId":2,"Id":91,"Name":"Flag90","Address":"M90","Mode":0,"Description":null,"DataType":0,"Resolution":0,"IsScaling":false,"AImin":0,"AImax":0,"RLmin":0,"RLmax":0,"Offset":1},{"ChannelId":1,"DeviceId":1,"GroupId":2,"Id":92,"Name":"Flag91","Address":"M91","Mode":0,"Description":null,"DataType":0,"Resolution":0,"IsScaling":false,"AImin":0,"AImax":0,"RLmin":0,"RLmax":0,"Offset":1},{"ChannelId":1,"DeviceId":1,"GroupId":2,"Id":93,"Name":"Flag92","Address":"M92","Mode":0,"Description":null,"DataType":0,"Resolution":0,"IsScaling":false,"AImin":0,"AImax":0,"RLmin":0,"RLmax":0,"Offset":1},{"ChannelId":1,"DeviceId":1,"GroupId":2,"Id":94,"Name":"Flag93","Address":"M93","Mode":0,"Description":null,"DataType":0,"Resolution":0,"IsScaling":false,"AImin":0,"AImax":0,"RLmin":0,"RLmax":0,"Offset":1},{"ChannelId":1,"DeviceId":1,"GroupId":2,"Id":95,"Name":"Flag94","Address":"M94","Mode":0,"Description":null,"DataType":0,"Resolution":0,"IsScaling":false,"AImin":0,"AImax":0,"RLmin":0,"RLmax":0,"Offset":1},{"ChannelId":1,"DeviceId":1,"GroupId":2,"Id":96,"Name":"Flag95","Address":"M95","Mode":0,"Description":null,"DataType":0,"Resolution":0,"IsScaling":false,"AImin":0,"AImax":0,"RLmin":0,"RLmax":0,"Offset":1},{"ChannelId":1,"DeviceId":1,"GroupId":2,"Id":97,"Name":"Flag96","Address":"M96","Mode":0,"Description":null,"DataType":0,"Resolution":0,"IsScaling":false,"AImin":0,"AImax":0,"RLmin":0,"RLmax":0,"Offset":1},{"ChannelId":1,"DeviceId":1,"GroupId":2,"Id":98,"Name":"Flag97","Address":"M97","Mode":0,"Description":null,"DataType":0,"Resolution":0,"IsScaling":false,"AImin":0,"AImax":0,"RLmin":0,"RLmax":0,"Offset":1},{"ChannelId":1,"DeviceId":1,"GroupId":2,"Id":99,"Name":"Flag98","Address":"M98","Mode":0,"Description":null,"DataType":0,"Resolution":0,"IsScaling":false,"AImin":0,"AImax":0,"RLmin":0,"RLmax":0,"Offset":1},{"ChannelId":1,"DeviceId":1,"GroupId":2,"Id":100,"Name":"Flag99","Address":"M99","Mode":0,"Description":null,"DataType":0,"Resolution":0,"IsScaling":false,"AImin":0,"AImax":0,"RLmin":0,"RLmax":0,"Offset":1},{"ChannelId":1,"DeviceId":1,"GroupId":2,"Id":101,"Name":"Flag100","Address":"M100","Mode":0,"Description":null,"DataType":0,"Resolution":0,"IsScaling":false,"AImin":0,"AImax":0,"RLmin":0,"RLmax":0,"Offset":1},{"ChannelId":1,"DeviceId":1,"GroupId":2,"Id":102,"Name":"Flag101","Address":"M101","Mode":0,"Description":null,"DataType":0,"Resolution":0,"IsScaling":false,"AImin":0,"AImax":0,"RLmin":0,"RLmax":0,"Offset":1},{"ChannelId":1,"DeviceId":1,"GroupId":2,"Id":103,"Name":"Flag102","Address":"M102","Mode":0,"Description":null,"DataType":0,"Resolution":0,"IsScaling":false,"AImin":0,"AImax":0,"RLmin":0,"RLmax":0,"Offset":1},{"ChannelId":1,"DeviceId":1,"GroupId":2,"Id":104,"Name":"Flag103","Address":"M103","Mode":0,"Description":null,"DataType":0,"Resolution":0,"IsScaling":false,"AImin":0,"AImax":0,"RLmin":0,"RLmax":0,"Offset":1},{"ChannelId":1,"DeviceId":1,"GroupId":2,"Id":105,"Name":"Flag104","Address":"M104","Mode":0,"Description":null,"DataType":0,"Resolution":0,"IsScaling":false,"AImin":0,"AImax":0,"RLmin":0,"RLmax":0,"Offset":1},{"ChannelId":1,"DeviceId":1,"GroupId":2,"Id":106,"Name":"Flag105","Address":"M105","Mode":0,"Description":null,"DataType":0,"Resolution":0,"IsScaling":false,"AImin":0,"AImax":0,"RLmin":0,"RLmax":0,"Offset":1},{"ChannelId":1,"DeviceId":1,"GroupId":2,"Id":107,"Name":"Flag106","Address":"M106","Mode":0,"Description":null,"DataType":0,"Resolution":0,"IsScaling":false,"AImin":0,"AImax":0,"RLmin":0,"RLmax":0,"Offset":1},{"ChannelId":1,"DeviceId":1,"GroupId":2,"Id":108,"Name":"Flag107","Address":"M107","Mode":0,"Description":null,"DataType":0,"Resolution":0,"IsScaling":false,"AImin":0,"AImax":0,"RLmin":0,"RLmax":0,"Offset":1},{"ChannelId":1,"DeviceId":1,"GroupId":2,"Id":109,"Name":"Flag108","Address":"M108","Mode":0,"Description":null,"DataType":0,"Resolution":0,"IsScaling":false,"AImin":0,"AImax":0,"RLmin":0,"RLmax":0,"Offset":1},{"ChannelId":1,"DeviceId":1,"GroupId":2,"Id":110,"Name":"Flag109","Address":"M109","Mode":0,"Description":null,"DataType":0,"Resolution":0,"IsScaling":false,"AImin":0,"AImax":0,"RLmin":0,"RLmax":0,"Offset":1},{"ChannelId":1,"DeviceId":1,"GroupId":2,"Id":111,"Name":"Flag110","Address":"M110","Mode":0,"Description":null,"DataType":0,"Resolution":0,"IsScaling":false,"AImin":0,"AImax":0,"RLmin":0,"RLmax":0,"Offset":1},{"ChannelId":1,"DeviceId":1,"GroupId":2,"Id":112,"Name":"Flag111","Address":"M111","Mode":0,"Description":null,"DataType":0,"Resolution":0,"IsScaling":false,"AImin":0,"AImax":0,"RLmin":0,"RLmax":0,"Offset":1},{"ChannelId":1,"DeviceId":1,"GroupId":2,"Id":113,"Name":"Flag112","Address":"M112","Mode":0,"Description":null,"DataType":0,"Resolution":0,"IsScaling":false,"AImin":0,"AImax":0,"RLmin":0,"RLmax":0,"Offset":1},{"ChannelId":1,"DeviceId":1,"GroupId":2,"Id":114,"Name":"Flag113","Address":"M113","Mode":0,"Description":null,"DataType":0,"Resolution":0,"IsScaling":false,"AImin":0,"AImax":0,"RLmin":0,"RLmax":0,"Offset":1},{"ChannelId":1,"DeviceId":1,"GroupId":2,"Id":115,"Name":"Flag114","Address":"M114","Mode":0,"Description":null,"DataType":0,"Resolution":0,"IsScaling":false,"AImin":0,"AImax":0,"RLmin":0,"RLmax":0,"Offset":1},{"ChannelId":1,"DeviceId":1,"GroupId":2,"Id":116,"Name":"Flag115","Address":"M115","Mode":0,"Description":null,"DataType":0,"Resolution":0,"IsScaling":false,"AImin":0,"AImax":0,"RLmin":0,"RLmax":0,"Offset":1},{"ChannelId":1,"DeviceId":1,"GroupId":2,"Id":117,"Name":"Flag116","Address":"M116","Mode":0,"Description":null,"DataType":0,"Resolution":0,"IsScaling":false,"AImin":0,"AImax":0,"RLmin":0,"RLmax":0,"Offset":1},{"ChannelId":1,"DeviceId":1,"GroupId":2,"Id":118,"Name":"Flag117","Address":"M117","Mode":0,"Description":null,"DataType":0,"Resolution":0,"IsScaling":false,"AImin":0,"AImax":0,"RLmin":0,"RLmax":0,"Offset":1},{"ChannelId":1,"DeviceId":1,"GroupId":2,"Id":119,"Name":"Flag118","Address":"M118","Mode":0,"Description":null,"DataType":0,"Resolution":0,"IsScaling":false,"AImin":0,"AImax":0,"RLmin":0,"RLmax":0,"Offset":1},{"ChannelId":1,"DeviceId":1,"GroupId":2,"Id":120,"Name":"Flag119","Address":"M119","Mode":0,"Description":null,"DataType":0,"Resolution":0,"IsScaling":false,"AImin":0,"AImax":0,"RLmin":0,"RLmax":0,"Offset":1},{"ChannelId":1,"DeviceId":1,"GroupId":2,"Id":121,"Name":"Flag120","Address":"M120","Mode":0,"Description":null,"DataType":0,"Resolution":0,"IsScaling":false,"AImin":0,"AImax":0,"RLmin":0,"RLmax":0,"Offset":1},{"ChannelId":1,"DeviceId":1,"GroupId":2,"Id":122,"Name":"Flag121","Address":"M121","Mode":0,"Description":null,"DataType":0,"Resolution":0,"IsScaling":false,"AImin":0,"AImax":0,"RLmin":0,"RLmax":0,"Offset":1},{"ChannelId":1,"DeviceId":1,"GroupId":2,"Id":123,"Name":"Flag122","Address":"M122","Mode":0,"Description":null,"DataType":0,"Resolution":0,"IsScaling":false,"AImin":0,"AImax":0,"RLmin":0,"RLmax":0,"Offset":1},{"ChannelId":1,"DeviceId":1,"GroupId":2,"Id":124,"Name":"Flag123","Address":"M123","Mode":0,"Description":null,"DataType":0,"Resolution":0,"IsScaling":false,"AImin":0,"AImax":0,"RLmin":0,"RLmax":0,"Offset":1},{"ChannelId":1,"DeviceId":1,"GroupId":2,"Id":125,"Name":"Flag124","Address":"M124","Mode":0,"Description":null,"DataType":0,"Resolution":0,"IsScaling":false,"AImin":0,"AImax":0,"RLmin":0,"RLmax":0,"Offset":1},{"ChannelId":1,"DeviceId":1,"GroupId":2,"Id":126,"Name":"Flag125","Address":"M125","Mode":0,"Description":null,"DataType":0,"Resolution":0,"IsScaling":false,"AImin":0,"AImax":0,"RLmin":0,"RLmax":0,"Offset":1},{"ChannelId":1,"DeviceId":1,"GroupId":2,"Id":127,"Name":"Flag126","Address":"M126","Mode":0,"Description":null,"DataType":0,"Resolution":0,"IsScaling":false,"AImin":0,"AImax":0,"RLmin":0,"RLmax":0,"Offset":1},{"ChannelId":1,"DeviceId":1,"GroupId":2,"Id":128,"Name":"Flag127","Address":"M127","Mode":0,"Description":null,"DataType":0,"Resolution":0,"IsScaling":false,"AImin":0,"AImax":0,"RLmin":0,"RLmax":0,"Offset":1},{"ChannelId":1,"DeviceId":1,"GroupId":2,"Id":129,"Name":"Flag128","Address":"M128","Mode":0,"Description":null,"DataType":0,"Resolution":0,"IsScaling":false,"AImin":0,"AImax":0,"RLmin":0,"RLmax":0,"Offset":1},{"ChannelId":1,"DeviceId":1,"GroupId":2,"Id":130,"Name":"Flag129","Address":"M129","Mode":0,"Description":null,"DataType":0,"Resolution":0,"IsScaling":false,"AImin":0,"AImax":0,"RLmin":0,"RLmax":0,"Offset":1},{"ChannelId":1,"DeviceId":1,"GroupId":2,"Id":131,"Name":"Flag130","Address":"M130","Mode":0,"Description":null,"DataType":0,"Resolution":0,"IsScaling":false,"AImin":0,"AImax":0,"RLmin":0,"RLmax":0,"Offset":1},{"ChannelId":1,"DeviceId":1,"GroupId":2,"Id":132,"Name":"Flag131","Address":"M131","Mode":0,"Description":null,"DataType":0,"Resolution":0,"IsScaling":false,"AImin":0,"AImax":0,"RLmin":0,"RLmax":0,"Offset":1},{"ChannelId":1,"DeviceId":1,"GroupId":2,"Id":133,"Name":"Flag132","Address":"M132","Mode":0,"Description":null,"DataType":0,"Resolution":0,"IsScaling":false,"AImin":0,"AImax":0,"RLmin":0,"RLmax":0,"Offset":1},{"ChannelId":1,"DeviceId":1,"GroupId":2,"Id":134,"Name":"Flag133","Address":"M133","Mode":0,"Description":null,"DataType":0,"Resolution":0,"IsScaling":false,"AImin":0,"AImax":0,"RLmin":0,"RLmax":0,"Offset":1},{"ChannelId":1,"DeviceId":1,"GroupId":2,"Id":135,"Name":"Flag134","Address":"M134","Mode":0,"Description":null,"DataType":0,"Resolution":0,"IsScaling":false,"AImin":0,"AImax":0,"RLmin":0,"RLmax":0,"Offset":1},{"ChannelId":1,"DeviceId":1,"GroupId":2,"Id":136,"Name":"Flag135","Address":"M135","Mode":0,"Description":null,"DataType":0,"Resolution":0,"IsScaling":false,"AImin":0,"AImax":0,"RLmin":0,"RLmax":0,"Offset":1},{"ChannelId":1,"DeviceId":1,"GroupId":2,"Id":137,"Name":"Flag136","Address":"M136","Mode":0,"Description":null,"DataType":0,"Resolution":0,"IsScaling":false,"AImin":0,"AImax":0,"RLmin":0,"RLmax":0,"Offset":1},{"ChannelId":1,"DeviceId":1,"GroupId":2,"Id":138,"Name":"Flag137","Address":"M137","Mode":0,"Description":null,"DataType":0,"Resolution":0,"IsScaling":false,"AImin":0,"AImax":0,"RLmin":0,"RLmax":0,"Offset":1},{"ChannelId":1,"DeviceId":1,"GroupId":2,"Id":139,"Name":"Flag138","Address":"M138","Mode":0,"Description":null,"DataType":0,"Resolution":0,"IsScaling":false,"AImin":0,"AImax":0,"RLmin":0,"RLmax":0,"Offset":1},{"ChannelId":1,"DeviceId":1,"GroupId":2,"Id":140,"Name":"Flag139","Address":"M139","Mode":0,"Description":null,"DataType":0,"Resolution":0,"IsScaling":false,"AImin":0,"AImax":0,"RLmin":0,"RLmax":0,"Offset":1},{"ChannelId":1,"DeviceId":1,"GroupId":2,"Id":141,"Name":"Flag140","Address":"M140","Mode":0,"Description":null,"DataType":0,"Resolution":0,"IsScaling":false,"AImin":0,"AImax":0,"RLmin":0,"RLmax":0,"Offset":1},{"ChannelId":1,"DeviceId":1,"GroupId":2,"Id":142,"Name":"Flag141","Address":"M141","Mode":0,"Description":null,"DataType":0,"Resolution":0,"IsScaling":false,"AImin":0,"AImax":0,"RLmin":0,"RLmax":0,"Offset":1},{"ChannelId":1,"DeviceId":1,"GroupId":2,"Id":143,"Name":"Flag142","Address":"M142","Mode":0,"Description":null,"DataType":0,"Resolution":0,"IsScaling":false,"AImin":0,"AImax":0,"RLmin":0,"RLmax":0,"Offset":1},{"ChannelId":1,"DeviceId":1,"GroupId":2,"Id":144,"Name":"Flag143","Address":"M143","Mode":0,"Description":null,"DataType":0,"Resolution":0,"IsScaling":false,"AImin":0,"AImax":0,"RLmin":0,"RLmax":0,"Offset":1},{"ChannelId":1,"DeviceId":1,"GroupId":2,"Id":145,"Name":"Flag144","Address":"M144","Mode":0,"Description":null,"DataType":0,"Resolution":0,"IsScaling":false,"AImin":0,"AImax":0,"RLmin":0,"RLmax":0,"Offset":1},{"ChannelId":1,"DeviceId":1,"GroupId":2,"Id":146,"Name":"Flag145","Address":"M145","Mode":0,"Description":null,"DataType":0,"Resolution":0,"IsScaling":false,"AImin":0,"AImax":0,"RLmin":0,"RLmax":0,"Offset":1},{"ChannelId":1,"DeviceId":1,"GroupId":2,"Id":147,"Name":"Flag146","Address":"M146","Mode":0,"Description":null,"DataType":0,"Resolution":0,"IsScaling":false,"AImin":0,"AImax":0,"RLmin":0,"RLmax":0,"Offset":1},{"ChannelId":1,"DeviceId":1,"GroupId":2,"Id":148,"Name":"Flag147","Address":"M147","Mode":0,"Description":null,"DataType":0,"Resolution":0,"IsScaling":false,"AImin":0,"AImax":0,"RLmin":0,"RLmax":0,"Offset":1},{"ChannelId":1,"DeviceId":1,"GroupId":2,"Id":149,"Name":"Flag148","Address":"M148","Mode":0,"Description":null,"DataType":0,"Resolution":0,"IsScaling":false,"AImin":0,"AImax":0,"RLmin":0,"RLmax":0,"Offset":1},{"ChannelId":1,"DeviceId":1,"GroupId":2,"Id":150,"Name":"Flag149","Address":"M149","Mode":0,"Description":null,"DataType":0,"Resolution":0,"IsScaling":false,"AImin":0,"AImax":0,"RLmin":0,"RLmax":0,"Offset":1},{"ChannelId":1,"DeviceId":1,"GroupId":2,"Id":151,"Name":"Flag150","Address":"M150","Mode":0,"Description":null,"DataType":0,"Resolution":0,"IsScaling":false,"AImin":0,"AImax":0,"RLmin":0,"RLmax":0,"Offset":1},{"ChannelId":1,"DeviceId":1,"GroupId":2,"Id":152,"Name":"Flag151","Address":"M151","Mode":0,"Description":null,"DataType":0,"Resolution":0,"IsScaling":false,"AImin":0,"AImax":0,"RLmin":0,"RLmax":0,"Offset":1},{"ChannelId":1,"DeviceId":1,"GroupId":2,"Id":153,"Name":"Flag152","Address":"M152","Mode":0,"Description":null,"DataType":0,"Resolution":0,"IsScaling":false,"AImin":0,"AImax":0,"RLmin":0,"RLmax":0,"Offset":1},{"ChannelId":1,"DeviceId":1,"GroupId":2,"Id":154,"Name":"Flag153","Address":"M153","Mode":0,"Description":null,"DataType":0,"Resolution":0,"IsScaling":false,"AImin":0,"AImax":0,"RLmin":0,"RLmax":0,"Offset":1},{"ChannelId":1,"DeviceId":1,"GroupId":2,"Id":155,"Name":"Flag154","Address":"M154","Mode":0,"Description":null,"DataType":0,"Resolution":0,"IsScaling":false,"AImin":0,"AImax":0,"RLmin":0,"RLmax":0,"Offset":1},{"ChannelId":1,"DeviceId":1,"GroupId":2,"Id":156,"Name":"Flag155","Address":"M155","Mode":0,"Description":null,"DataType":0,"Resolution":0,"IsScaling":false,"AImin":0,"AImax":0,"RLmin":0,"RLmax":0,"Offset":1},{"ChannelId":1,"DeviceId":1,"GroupId":2,"Id":157,"Name":"Flag156","Address":"M156","Mode":0,"Description":null,"DataType":0,"Resolution":0,"IsScaling":false,"AImin":0,"AImax":0,"RLmin":0,"RLmax":0,"Offset":1},{"ChannelId":1,"DeviceId":1,"GroupId":2,"Id":158,"Name":"Flag157","Address":"M157","Mode":0,"Description":null,"DataType":0,"Resolution":0,"IsScaling":false,"AImin":0,"AImax":0,"RLmin":0,"RLmax":0,"Offset":1},{"ChannelId":1,"DeviceId":1,"GroupId":2,"Id":159,"Name":"Flag158","Address":"M158","Mode":0,"Description":null,"DataType":0,"Resolution":0,"IsScaling":false,"AImin":0,"AImax":0,"RLmin":0,"RLmax":0,"Offset":1},{"ChannelId":1,"DeviceId":1,"GroupId":2,"Id":160,"Name":"Flag159","Address":"M159","Mode":0,"Description":null,"DataType":0,"Resolution":0,"IsScaling":false,"AImin":0,"AImax":0,"RLmin":0,"RLmax":0,"Offset":1},{"ChannelId":1,"DeviceId":1,"GroupId":2,"Id":161,"Name":"Flag160","Address":"M160","Mode":0,"Description":null,"DataType":0,"Resolution":0,"IsScaling":false,"AImin":0,"AImax":0,"RLmin":0,"RLmax":0,"Offset":1},{"ChannelId":1,"DeviceId":1,"GroupId":2,"Id":162,"Name":"Flag161","Address":"M161","Mode":0,"Description":null,"DataType":0,"Resolution":0,"IsScaling":false,"AImin":0,"AImax":0,"RLmin":0,"RLmax":0,"Offset":1},{"ChannelId":1,"DeviceId":1,"GroupId":2,"Id":163,"Name":"Flag162","Address":"M162","Mode":0,"Description":null,"DataType":0,"Resolution":0,"IsScaling":false,"AImin":0,"AImax":0,"RLmin":0,"RLmax":0,"Offset":1},{"ChannelId":1,"DeviceId":1,"GroupId":2,"Id":164,"Name":"Flag163","Address":"M163","Mode":0,"Description":null,"DataType":0,"Resolution":0,"IsScaling":false,"AImin":0,"AImax":0,"RLmin":0,"RLmax":0,"Offset":1},{"ChannelId":1,"DeviceId":1,"GroupId":2,"Id":165,"Name":"Flag164","Address":"M164","Mode":0,"Description":null,"DataType":0,"Resolution":0,"IsScaling":false,"AImin":0,"AImax":0,"RLmin":0,"RLmax":0,"Offset":1},{"ChannelId":1,"DeviceId":1,"GroupId":2,"Id":166,"Name":"Flag165","Address":"M165","Mode":0,"Description":null,"DataType":0,"Resolution":0,"IsScaling":false,"AImin":0,"AImax":0,"RLmin":0,"RLmax":0,"Offset":1},{"ChannelId":1,"DeviceId":1,"GroupId":2,"Id":167,"Name":"Flag166","Address":"M166","Mode":0,"Description":null,"DataType":0,"Resolution":0,"IsScaling":false,"AImin":0,"AImax":0,"RLmin":0,"RLmax":0,"Offset":1},{"ChannelId":1,"DeviceId":1,"GroupId":2,"Id":168,"Name":"Flag167","Address":"M167","Mode":0,"Description":null,"DataType":0,"Resolution":0,"IsScaling":false,"AImin":0,"AImax":0,"RLmin":0,"RLmax":0,"Offset":1},{"ChannelId":1,"DeviceId":1,"GroupId":2,"Id":169,"Name":"Flag168","Address":"M168","Mode":0,"Description":null,"DataType":0,"Resolution":0,"IsScaling":false,"AImin":0,"AImax":0,"RLmin":0,"RLmax":0,"Offset":1},{"ChannelId":1,"DeviceId":1,"GroupId":2,"Id":170,"Name":"Flag169","Address":"M169","Mode":0,"Description":null,"DataType":0,"Resolution":0,"IsScaling":false,"AImin":0,"AImax":0,"RLmin":0,"RLmax":0,"Offset":1},{"ChannelId":1,"DeviceId":1,"GroupId":2,"Id":171,"Name":"Flag170","Address":"M170","Mode":0,"Description":null,"DataType":0,"Resolution":0,"IsScaling":false,"AImin":0,"AImax":0,"RLmin":0,"RLmax":0,"Offset":1},{"ChannelId":1,"DeviceId":1,"GroupId":2,"Id":172,"Name":"Flag171","Address":"M171","Mode":0,"Description":null,"DataType":0,"Resolution":0,"IsScaling":false,"AImin":0,"AImax":0,"RLmin":0,"RLmax":0,"Offset":1},{"ChannelId":1,"DeviceId":1,"GroupId":2,"Id":173,"Name":"Flag172","Address":"M172","Mode":0,"Description":null,"DataType":0,"Resolution":0,"IsScaling":false,"AImin":0,"AImax":0,"RLmin":0,"RLmax":0,"Offset":1},{"ChannelId":1,"DeviceId":1,"GroupId":2,"Id":174,"Name":"Flag173","Address":"M173","Mode":0,"Description":null,"DataType":0,"Resolution":0,"IsScaling":false,"AImin":0,"AImax":0,"RLmin":0,"RLmax":0,"Offset":1},{"ChannelId":1,"DeviceId":1,"GroupId":2,"Id":175,"Name":"Flag174","Address":"M174","Mode":0,"Description":null,"DataType":0,"Resolution":0,"IsScaling":false,"AImin":0,"AImax":0,"RLmin":0,"RLmax":0,"Offset":1},{"ChannelId":1,"DeviceId":1,"GroupId":2,"Id":176,"Name":"Flag175","Address":"M175","Mode":0,"Description":null,"DataType":0,"Resolution":0,"IsScaling":false,"AImin":0,"AImax":0,"RLmin":0,"RLmax":0,"Offset":1},{"ChannelId":1,"DeviceId":1,"GroupId":2,"Id":177,"Name":"Flag176","Address":"M176","Mode":0,"Description":null,"DataType":0,"Resolution":0,"IsScaling":false,"AImin":0,"AImax":0,"RLmin":0,"RLmax":0,"Offset":1},{"ChannelId":1,"DeviceId":1,"GroupId":2,"Id":178,"Name":"Flag177","Address":"M177","Mode":0,"Description":null,"DataType":0,"Resolution":0,"IsScaling":false,"AImin":0,"AImax":0,"RLmin":0,"RLmax":0,"Offset":1},{"ChannelId":1,"DeviceId":1,"GroupId":2,"Id":179,"Name":"Flag178","Address":"M178","Mode":0,"Description":null,"DataType":0,"Resolution":0,"IsScaling":false,"AImin":0,"AImax":0,"RLmin":0,"RLmax":0,"Offset":1},{"ChannelId":1,"DeviceId":1,"GroupId":2,"Id":180,"Name":"Flag179","Address":"M179","Mode":0,"Description":null,"DataType":0,"Resolution":0,"IsScaling":false,"AImin":0,"AImax":0,"RLmin":0,"RLmax":0,"Offset":1},{"ChannelId":1,"DeviceId":1,"GroupId":2,"Id":181,"Name":"Flag180","Address":"M180","Mode":0,"Description":null,"DataType":0,"Resolution":0,"IsScaling":false,"AImin":0,"AImax":0,"RLmin":0,"RLmax":0,"Offset":1},{"ChannelId":1,"DeviceId":1,"GroupId":2,"Id":182,"Name":"Flag181","Address":"M181","Mode":0,"Description":null,"DataType":0,"Resolution":0,"IsScaling":false,"AImin":0,"AImax":0,"RLmin":0,"RLmax":0,"Offset":1},{"ChannelId":1,"DeviceId":1,"GroupId":2,"Id":183,"Name":"Flag182","Address":"M182","Mode":0,"Description":null,"DataType":0,"Resolution":0,"IsScaling":false,"AImin":0,"AImax":0,"RLmin":0,"RLmax":0,"Offset":1},{"ChannelId":1,"DeviceId":1,"GroupId":2,"Id":184,"Name":"Flag183","Address":"M183","Mode":0,"Description":null,"DataType":0,"Resolution":0,"IsScaling":false,"AImin":0,"AImax":0,"RLmin":0,"RLmax":0,"Offset":1},{"ChannelId":1,"DeviceId":1,"GroupId":2,"Id":185,"Name":"Flag184","Address":"M184","Mode":0,"Description":null,"DataType":0,"Resolution":0,"IsScaling":false,"AImin":0,"AImax":0,"RLmin":0,"RLmax":0,"Offset":1},{"ChannelId":1,"DeviceId":1,"GroupId":2,"Id":186,"Name":"Flag185","Address":"M185","Mode":0,"Description":null,"DataType":0,"Resolution":0,"IsScaling":false,"AImin":0,"AImax":0,"RLmin":0,"RLmax":0,"Offset":1},{"ChannelId":1,"DeviceId":1,"GroupId":2,"Id":187,"Name":"Flag186","Address":"M186","Mode":0,"Description":null,"DataType":0,"Resolution":0,"IsScaling":false,"AImin":0,"AImax":0,"RLmin":0,"RLmax":0,"Offset":1},{"ChannelId":1,"DeviceId":1,"GroupId":2,"Id":188,"Name":"Flag187","Address":"M187","Mode":0,"Description":null,"DataType":0,"Resolution":0,"IsScaling":false,"AImin":0,"AImax":0,"RLmin":0,"RLmax":0,"Offset":1},{"ChannelId":1,"DeviceId":1,"GroupId":2,"Id":189,"Name":"Flag188","Address":"M188","Mode":0,"Description":null,"DataType":0,"Resolution":0,"IsScaling":false,"AImin":0,"AImax":0,"RLmin":0,"RLmax":0,"Offset":1},{"ChannelId":1,"DeviceId":1,"GroupId":2,"Id":190,"Name":"Flag189","Address":"M189","Mode":0,"Description":null,"DataType":0,"Resolution":0,"IsScaling":false,"AImin":0,"AImax":0,"RLmin":0,"RLmax":0,"Offset":1},{"ChannelId":1,"DeviceId":1,"GroupId":2,"Id":191,"Name":"Flag190","Address":"M190","Mode":0,"Description":null,"DataType":0,"Resolution":0,"IsScaling":false,"AImin":0,"AImax":0,"RLmin":0,"RLmax":0,"Offset":1},{"ChannelId":1,"DeviceId":1,"GroupId":2,"Id":192,"Name":"Flag191","Address":"M191","Mode":0,"Description":null,"DataType":0,"Resolution":0,"IsScaling":false,"AImin":0,"AImax":0,"RLmin":0,"RLmax":0,"Offset":1},{"ChannelId":1,"DeviceId":1,"GroupId":2,"Id":193,"Name":"Flag192","Address":"M192","Mode":0,"Description":null,"DataType":0,"Resolution":0,"IsScaling":false,"AImin":0,"AImax":0,"RLmin":0,"RLmax":0,"Offset":1},{"ChannelId":1,"DeviceId":1,"GroupId":2,"Id":194,"Name":"Flag193","Address":"M193","Mode":0,"Description":null,"DataType":0,"Resolution":0,"IsScaling":false,"AImin":0,"AImax":0,"RLmin":0,"RLmax":0,"Offset":1},{"ChannelId":1,"DeviceId":1,"GroupId":2,"Id":195,"Name":"Flag194","Address":"M194","Mode":0,"Description":null,"DataType":0,"Resolution":0,"IsScaling":false,"AImin":0,"AImax":0,"RLmin":0,"RLmax":0,"Offset":1},{"ChannelId":1,"DeviceId":1,"GroupId":2,"Id":196,"Name":"Flag195","Address":"M195","Mode":0,"Description":null,"DataType":0,"Resolution":0,"IsScaling":false,"AImin":0,"AImax":0,"RLmin":0,"RLmax":0,"Offset":1},{"ChannelId":1,"DeviceId":1,"GroupId":2,"Id":197,"Name":"Flag196","Address":"M196","Mode":0,"Description":null,"DataType":0,"Resolution":0,"IsScaling":false,"AImin":0,"AImax":0,"RLmin":0,"RLmax":0,"Offset":1},{"ChannelId":1,"DeviceId":1,"GroupId":2,"Id":198,"Name":"Flag197","Address":"M197","Mode":0,"Description":null,"DataType":0,"Resolution":0,"IsScaling":false,"AImin":0,"AImax":0,"RLmin":0,"RLmax":0,"Offset":1},{"ChannelId":1,"DeviceId":1,"GroupId":2,"Id":199,"Name":"Flag198","Address":"M198","Mode":0,"Description":null,"DataType":0,"Resolution":0,"IsScaling":false,"AImin":0,"AImax":0,"RLmin":0,"RLmax":0,"Offset":1},{"ChannelId":1,"DeviceId":1,"GroupId":2,"Id":200,"Name":"Flag199","Address":"M199","Mode":0,"Description":null,"DataType":0,"Resolution":0,"IsScaling":false,"AImin":0,"AImax":0,"RLmin":0,"RLmax":0,"Offset":1},{"ChannelId":1,"DeviceId":1,"GroupId":2,"Id":201,"Name":"Flag200","Address":"M200","Mode":0,"Description":null,"DataType":0,"Resolution":0,"IsScaling":false,"AImin":0,"AImax":0,"RLmin":0,"RLmax":0,"Offset":1},{"ChannelId":1,"DeviceId":1,"GroupId":2,"Id":202,"Name":"Flag201","Address":"M201","Mode":0,"Description":null,"DataType":0,"Resolution":0,"IsScaling":false,"AImin":0,"AImax":0,"RLmin":0,"RLmax":0,"Offset":1},{"ChannelId":1,"DeviceId":1,"GroupId":2,"Id":203,"Name":"Flag202","Address":"M202","Mode":0,"Description":null,"DataType":0,"Resolution":0,"IsScaling":false,"AImin":0,"AImax":0,"RLmin":0,"RLmax":0,"Offset":1},{"ChannelId":1,"DeviceId":1,"GroupId":2,"Id":204,"Name":"Flag203","Address":"M203","Mode":0,"Description":null,"DataType":0,"Resolution":0,"IsScaling":false,"AImin":0,"AImax":0,"RLmin":0,"RLmax":0,"Offset":1},{"ChannelId":1,"DeviceId":1,"GroupId":2,"Id":205,"Name":"Flag204","Address":"M204","Mode":0,"Description":null,"DataType":0,"Resolution":0,"IsScaling":false,"AImin":0,"AImax":0,"RLmin":0,"RLmax":0,"Offset":1},{"ChannelId":1,"DeviceId":1,"GroupId":2,"Id":206,"Name":"Flag205","Address":"M205","Mode":0,"Description":null,"DataType":0,"Resolution":0,"IsScaling":false,"AImin":0,"AImax":0,"RLmin":0,"RLmax":0,"Offset":1},{"ChannelId":1,"DeviceId":1,"GroupId":2,"Id":207,"Name":"Flag206","Address":"M206","Mode":0,"Description":null,"DataType":0,"Resolution":0,"IsScaling":false,"AImin":0,"AImax":0,"RLmin":0,"RLmax":0,"Offset":1},{"ChannelId":1,"DeviceId":1,"GroupId":2,"Id":208,"Name":"Flag207","Address":"M207","Mode":0,"Description":null,"DataType":0,"Resolution":0,"IsScaling":false,"AImin":0,"AImax":0,"RLmin":0,"RLmax":0,"Offset":1},{"ChannelId":1,"DeviceId":1,"GroupId":2,"Id":209,"Name":"Flag208","Address":"M208","Mode":0,"Description":null,"DataType":0,"Resolution":0,"IsScaling":false,"AImin":0,"AImax":0,"RLmin":0,"RLmax":0,"Offset":1},{"ChannelId":1,"DeviceId":1,"GroupId":2,"Id":210,"Name":"Flag209","Address":"M209","Mode":0,"Description":null,"DataType":0,"Resolution":0,"IsScaling":false,"AImin":0,"AImax":0,"RLmin":0,"RLmax":0,"Offset":1},{"ChannelId":1,"DeviceId":1,"GroupId":2,"Id":211,"Name":"Flag210","Address":"M210","Mode":0,"Description":null,"DataType":0,"Resolution":0,"IsScaling":false,"AImin":0,"AImax":0,"RLmin":0,"RLmax":0,"Offset":1},{"ChannelId":1,"DeviceId":1,"GroupId":2,"Id":212,"Name":"Flag211","Address":"M211","Mode":0,"Description":null,"DataType":0,"Resolution":0,"IsScaling":false,"AImin":0,"AImax":0,"RLmin":0,"RLmax":0,"Offset":1},{"ChannelId":1,"DeviceId":1,"GroupId":2,"Id":213,"Name":"Flag212","Address":"M212","Mode":0,"Description":null,"DataType":0,"Resolution":0,"IsScaling":false,"AImin":0,"AImax":0,"RLmin":0,"RLmax":0,"Offset":1},{"ChannelId":1,"DeviceId":1,"GroupId":2,"Id":214,"Name":"Flag213","Address":"M213","Mode":0,"Description":null,"DataType":0,"Resolution":0,"IsScaling":false,"AImin":0,"AImax":0,"RLmin":0,"RLmax":0,"Offset":1},{"ChannelId":1,"DeviceId":1,"GroupId":2,"Id":215,"Name":"Flag214","Address":"M214","Mode":0,"Description":null,"DataType":0,"Resolution":0,"IsScaling":false,"AImin":0,"AImax":0,"RLmin":0,"RLmax":0,"Offset":1},{"ChannelId":1,"DeviceId":1,"GroupId":2,"Id":216,"Name":"Flag215","Address":"M215","Mode":0,"Description":null,"DataType":0,"Resolution":0,"IsScaling":false,"AImin":0,"AImax":0,"RLmin":0,"RLmax":0,"Offset":1},{"ChannelId":1,"DeviceId":1,"GroupId":2,"Id":217,"Name":"Flag216","Address":"M216","Mode":0,"Description":null,"DataType":0,"Resolution":0,"IsScaling":false,"AImin":0,"AImax":0,"RLmin":0,"RLmax":0,"Offset":1},{"ChannelId":1,"DeviceId":1,"GroupId":2,"Id":218,"Name":"Flag217","Address":"M217","Mode":0,"Description":null,"DataType":0,"Resolution":0,"IsScaling":false,"AImin":0,"AImax":0,"RLmin":0,"RLmax":0,"Offset":1},{"ChannelId":1,"DeviceId":1,"GroupId":2,"Id":219,"Name":"Flag218","Address":"M218","Mode":0,"Description":null,"DataType":0,"Resolution":0,"IsScaling":false,"AImin":0,"AImax":0,"RLmin":0,"RLmax":0,"Offset":1},{"ChannelId":1,"DeviceId":1,"GroupId":2,"Id":220,"Name":"Flag219","Address":"M219","Mode":0,"Description":null,"DataType":0,"Resolution":0,"IsScaling":false,"AImin":0,"AImax":0,"RLmin":0,"RLmax":0,"Offset":1},{"ChannelId":1,"DeviceId":1,"GroupId":2,"Id":221,"Name":"Flag220","Address":"M220","Mode":0,"Description":null,"DataType":0,"Resolution":0,"IsScaling":false,"AImin":0,"AImax":0,"RLmin":0,"RLmax":0,"Offset":1},{"ChannelId":1,"DeviceId":1,"GroupId":2,"Id":222,"Name":"Flag221","Address":"M221","Mode":0,"Description":null,"DataType":0,"Resolution":0,"IsScaling":false,"AImin":0,"AImax":0,"RLmin":0,"RLmax":0,"Offset":1},{"ChannelId":1,"DeviceId":1,"GroupId":2,"Id":223,"Name":"Flag222","Address":"M222","Mode":0,"Description":null,"DataType":0,"Resolution":0,"IsScaling":false,"AImin":0,"AImax":0,"RLmin":0,"RLmax":0,"Offset":1},{"ChannelId":1,"DeviceId":1,"GroupId":2,"Id":224,"Name":"Flag223","Address":"M223","Mode":0,"Description":null,"DataType":0,"Resolution":0,"IsScaling":false,"AImin":0,"AImax":0,"RLmin":0,"RLmax":0,"Offset":1},{"ChannelId":1,"DeviceId":1,"GroupId":2,"Id":225,"Name":"Flag224","Address":"M224","Mode":0,"Description":null,"DataType":0,"Resolution":0,"IsScaling":false,"AImin":0,"AImax":0,"RLmin":0,"RLmax":0,"Offset":1},{"ChannelId":1,"DeviceId":1,"GroupId":2,"Id":226,"Name":"Flag225","Address":"M225","Mode":0,"Description":null,"DataType":0,"Resolution":0,"IsScaling":false,"AImin":0,"AImax":0,"RLmin":0,"RLmax":0,"Offset":1},{"ChannelId":1,"DeviceId":1,"GroupId":2,"Id":227,"Name":"Flag226","Address":"M226","Mode":0,"Description":null,"DataType":0,"Resolution":0,"IsScaling":false,"AImin":0,"AImax":0,"RLmin":0,"RLmax":0,"Offset":1},{"ChannelId":1,"DeviceId":1,"GroupId":2,"Id":228,"Name":"Flag227","Address":"M227","Mode":0,"Description":null,"DataType":0,"Resolution":0,"IsScaling":false,"AImin":0,"AImax":0,"RLmin":0,"RLmax":0,"Offset":1},{"ChannelId":1,"DeviceId":1,"GroupId":2,"Id":229,"Name":"Flag228","Address":"M228","Mode":0,"Description":null,"DataType":0,"Resolution":0,"IsScaling":false,"AImin":0,"AImax":0,"RLmin":0,"RLmax":0,"Offset":1},{"ChannelId":1,"DeviceId":1,"GroupId":2,"Id":230,"Name":"Flag229","Address":"M229","Mode":0,"Description":null,"DataType":0,"Resolution":0,"IsScaling":false,"AImin":0,"AImax":0,"RLmin":0,"RLmax":0,"Offset":1},{"ChannelId":1,"DeviceId":1,"GroupId":2,"Id":231,"Name":"Flag230","Address":"M230","Mode":0,"Description":null,"DataType":0,"Resolution":0,"IsScaling":false,"AImin":0,"AImax":0,"RLmin":0,"RLmax":0,"Offset":1},{"ChannelId":1,"DeviceId":1,"GroupId":2,"Id":232,"Name":"Flag231","Address":"M231","Mode":0,"Description":null,"DataType":0,"Resolution":0,"IsScaling":false,"AImin":0,"AImax":0,"RLmin":0,"RLmax":0,"Offset":1},{"ChannelId":1,"DeviceId":1,"GroupId":2,"Id":233,"Name":"Flag232","Address":"M232","Mode":0,"Description":null,"DataType":0,"Resolution":0,"IsScaling":false,"AImin":0,"AImax":0,"RLmin":0,"RLmax":0,"Offset":1},{"ChannelId":1,"DeviceId":1,"GroupId":2,"Id":234,"Name":"Flag233","Address":"M233","Mode":0,"Description":null,"DataType":0,"Resolution":0,"IsScaling":false,"AImin":0,"AImax":0,"RLmin":0,"RLmax":0,"Offset":1},{"ChannelId":1,"DeviceId":1,"GroupId":2,"Id":235,"Name":"Flag234","Address":"M234","Mode":0,"Description":null,"DataType":0,"Resolution":0,"IsScaling":false,"AImin":0,"AImax":0,"RLmin":0,"RLmax":0,"Offset":1},{"ChannelId":1,"DeviceId":1,"GroupId":2,"Id":236,"Name":"Flag235","Address":"M235","Mode":0,"Description":null,"DataType":0,"Resolution":0,"IsScaling":false,"AImin":0,"AImax":0,"RLmin":0,"RLmax":0,"Offset":1},{"ChannelId":1,"DeviceId":1,"GroupId":2,"Id":237,"Name":"Flag236","Address":"M236","Mode":0,"Description":null,"DataType":0,"Resolution":0,"IsScaling":false,"AImin":0,"AImax":0,"RLmin":0,"RLmax":0,"Offset":1},{"ChannelId":1,"DeviceId":1,"GroupId":2,"Id":238,"Name":"Flag237","Address":"M237","Mode":0,"Description":null,"DataType":0,"Resolution":0,"IsScaling":false,"AImin":0,"AImax":0,"RLmin":0,"RLmax":0,"Offset":1},{"ChannelId":1,"DeviceId":1,"GroupId":2,"Id":239,"Name":"Flag238","Address":"M238","Mode":0,"Description":null,"DataType":0,"Resolution":0,"IsScaling":false,"AImin":0,"AImax":0,"RLmin":0,"RLmax":0,"Offset":1},{"ChannelId":1,"DeviceId":1,"GroupId":2,"Id":240,"Name":"Flag239","Address":"M239","Mode":0,"Description":null,"DataType":0,"Resolution":0,"IsScaling":false,"AImin":0,"AImax":0,"RLmin":0,"RLmax":0,"Offset":1},{"ChannelId":1,"DeviceId":1,"GroupId":2,"Id":241,"Name":"Flag240","Address":"M240","Mode":0,"Description":null,"DataType":0,"Resolution":0,"IsScaling":false,"AImin":0,"AImax":0,"RLmin":0,"RLmax":0,"Offset":1},{"ChannelId":1,"DeviceId":1,"GroupId":2,"Id":242,"Name":"Flag241","Address":"M241","Mode":0,"Description":null,"DataType":0,"Resolution":0,"IsScaling":false,"AImin":0,"AImax":0,"RLmin":0,"RLmax":0,"Offset":1},{"ChannelId":1,"DeviceId":1,"GroupId":2,"Id":243,"Name":"Flag242","Address":"M242","Mode":0,"Description":null,"DataType":0,"Resolution":0,"IsScaling":false,"AImin":0,"AImax":0,"RLmin":0,"RLmax":0,"Offset":1},{"ChannelId":1,"DeviceId":1,"GroupId":2,"Id":244,"Name":"Flag243","Address":"M243","Mode":0,"Description":null,"DataType":0,"Resolution":0,"IsScaling":false,"AImin":0,"AImax":0,"RLmin":0,"RLmax":0,"Offset":1},{"ChannelId":1,"DeviceId":1,"GroupId":2,"Id":245,"Name":"Flag244","Address":"M244","Mode":0,"Description":null,"DataType":0,"Resolution":0,"IsScaling":false,"AImin":0,"AImax":0,"RLmin":0,"RLmax":0,"Offset":1},{"ChannelId":1,"DeviceId":1,"GroupId":2,"Id":246,"Name":"Flag245","Address":"M245","Mode":0,"Description":null,"DataType":0,"Resolution":0,"IsScaling":false,"AImin":0,"AImax":0,"RLmin":0,"RLmax":0,"Offset":1},{"ChannelId":1,"DeviceId":1,"GroupId":2,"Id":247,"Name":"Flag246","Address":"M246","Mode":0,"Description":null,"DataType":0,"Resolution":0,"IsScaling":false,"AImin":0,"AImax":0,"RLmin":0,"RLmax":0,"Offset":1},{"ChannelId":1,"DeviceId":1,"GroupId":2,"Id":248,"Name":"Flag247","Address":"M247","Mode":0,"Description":null,"DataType":0,"Resolution":0,"IsScaling":false,"AImin":0,"AImax":0,"RLmin":0,"RLmax":0,"Offset":1},{"ChannelId":1,"DeviceId":1,"GroupId":2,"Id":249,"Name":"Flag248","Address":"M248","Mode":0,"Description":null,"DataType":0,"Resolution":0,"IsScaling":false,"AImin":0,"AImax":0,"RLmin":0,"RLmax":0,"Offset":1},{"ChannelId":1,"DeviceId":1,"GroupId":2,"Id":250,"Name":"Flag249","Address":"M249","Mode":0,"Description":null,"DataType":0,"Resolution":0,"IsScaling":false,"AImin":0,"AImax":0,"RLmin":0,"RLmax":0,"Offset":1},{"ChannelId":1,"DeviceId":1,"GroupId":2,"Id":251,"Name":"Flag250","Address":"M250","Mode":0,"Description":null,"DataType":0,"Resolution":0,"IsScaling":false,"AImin":0,"AImax":0,"RLmin":0,"RLmax":0,"Offset":1},{"ChannelId":1,"DeviceId":1,"GroupId":2,"Id":252,"Name":"Flag251","Address":"M251","Mode":0,"Description":null,"DataType":0,"Resolution":0,"IsScaling":false,"AImin":0,"AImax":0,"RLmin":0,"RLmax":0,"Offset":1},{"ChannelId":1,"DeviceId":1,"GroupId":2,"Id":253,"Name":"Flag252","Address":"M252","Mode":0,"Description":null,"DataType":0,"Resolution":0,"IsScaling":false,"AImin":0,"AImax":0,"RLmin":0,"RLmax":0,"Offset":1},{"ChannelId":1,"DeviceId":1,"GroupId":2,"Id":254,"Name":"Flag253","Address":"M253","Mode":0,"Description":null,"DataType":0,"Resolution":0,"IsScaling":false,"AImin":0,"AImax":0,"RLmin":0,"RLmax":0,"Offset":1},{"ChannelId":1,"DeviceId":1,"GroupId":2,"Id":255,"Name":"Flag254","Address":"M254","Mode":0,"Description":null,"DataType":0,"Resolution":0,"IsScaling":false,"AImin":0,"AImax":0,"RLmin":0,"RLmax":0,"Offset":1},{"ChannelId":1,"DeviceId":1,"GroupId":2,"Id":256,"Name":"Flag255","Address":"M255","Mode":0,"Description":null,"DataType":0,"Resolution":0,"IsScaling":false,"AImin":0,"AImax":0,"RLmin":0,"RLmax":0,"Offset":1}]}],"Adapter":null,"DeviceType":1,"Active":true,"AutoReconnect":true}]}]}