{"Copyright":"Industrial Networks","Developer":"Hoang Van Luu","Phone":"(\u002B84) 0909-886-483","Email":"hoangluu.automation@gmail.com","Youtube":"https://www.youtube.com/industrialnetworks","Channels":[{"Id":1,"Name":"CH1","Description":null,"ConnectionType":1,"Manufacturer":4,"Protocol":5,"Adapter":{"PortName":"COM6","BaudRate":115200,"DataBits":8,"Parity":1,"StopBits":1,"Handshake":0,"SendTimeout":100,"ReceiveTimeout":100,"WaitingTime":0,"Connected":false,"ErrorMessage":"Lost connection to device."},"Devices":[{"ChannelId":1,"Id":1,"Name":"FPG","StationNo":1,"Description":null,"BlockSize":450,"ByteOrder":1,"Groups":[{"ChannelId":1,"DeviceId":1,"Id":1,"Name":"DATA","Description":null,"Tags":[{"ChannelId":1,"DeviceId":1,"GroupId":1,"Id":1,"Name":"Y0","Address":"Y0","Mode":0,"Description":null,"DataType":0,"Resolution":0,"IsScaling":false,"AImin":0,"AImax":0,"RLmin":0,"RLmax":0,"Offset":1},{"ChannelId":1,"DeviceId":1,"GroupId":1,"Id":2,"Name":"Y1","Address":"Y1","Mode":0,"Description":null,"DataType":0,"Resolution":0,"IsScaling":false,"AImin":0,"AImax":0,"RLmin":0,"RLmax":0,"Offset":1},{"ChannelId":1,"DeviceId":1,"GroupId":1,"Id":3,"Name":"Y2","Address":"Y2","Mode":0,"Description":null,"DataType":0,"Resolution":0,"IsScaling":false,"AImin":0,"AImax":0,"RLmin":0,"RLmax":0,"Offset":1},{"ChannelId":1,"DeviceId":1,"GroupId":1,"Id":4,"Name":"Y3","Address":"Y3","Mode":0,"Description":null,"DataType":0,"Resolution":0,"IsScaling":false,"AImin":0,"AImax":0,"RLmin":0,"RLmax":0,"Offset":1},{"ChannelId":1,"DeviceId":1,"GroupId":1,"Id":5,"Name":"Y4","Address":"Y4","Mode":0,"Description":null,"DataType":0,"Resolution":0,"IsScaling":false,"AImin":0,"AImax":0,"RLmin":0,"RLmax":0,"Offset":1},{"ChannelId":1,"DeviceId":1,"GroupId":1,"Id":6,"Name":"Y5","Address":"Y5","Mode":0,"Description":null,"DataType":0,"Resolution":0,"IsScaling":false,"AImin":0,"AImax":0,"RLmin":0,"RLmax":0,"Offset":1},{"ChannelId":1,"DeviceId":1,"GroupId":1,"Id":7,"Name":"Y6","Address":"Y6","Mode":0,"Description":null,"DataType":0,"Resolution":0,"IsScaling":false,"AImin":0,"AImax":0,"RLmin":0,"RLmax":0,"Offset":1},{"ChannelId":1,"DeviceId":1,"GroupId":1,"Id":8,"Name":"Y7","Address":"Y7","Mode":0,"Description":null,"DataType":0,"Resolution":0,"IsScaling":false,"AImin":0,"AImax":0,"RLmin":0,"RLmax":0,"Offset":1},{"ChannelId":1,"DeviceId":1,"GroupId":1,"Id":9,"Name":"Y8","Address":"Y8","Mode":0,"Description":null,"DataType":0,"Resolution":0,"IsScaling":false,"AImin":0,"AImax":0,"RLmin":0,"RLmax":0,"Offset":1},{"ChannelId":1,"DeviceId":1,"GroupId":1,"Id":10,"Name":"Y9","Address":"Y9","Mode":0,"Description":null,"DataType":0,"Resolution":0,"IsScaling":false,"AImin":0,"AImax":0,"RLmin":0,"RLmax":0,"Offset":1},{"ChannelId":1,"DeviceId":1,"GroupId":1,"Id":11,"Name":"YA","Address":"YA","Mode":0,"Description":null,"DataType":0,"Resolution":0,"IsScaling":false,"AImin":0,"AImax":0,"RLmin":0,"RLmax":0,"Offset":1},{"ChannelId":1,"DeviceId":1,"GroupId":1,"Id":12,"Name":"YB","Address":"YB","Mode":0,"Description":null,"DataType":0,"Resolution":0,"IsScaling":false,"AImin":0,"AImax":0,"RLmin":0,"RLmax":0,"Offset":1},{"ChannelId":1,"DeviceId":1,"GroupId":1,"Id":13,"Name":"YC","Address":"YC","Mode":0,"Description":null,"DataType":0,"Resolution":0,"IsScaling":false,"AImin":0,"AImax":0,"RLmin":0,"RLmax":0,"Offset":1},{"ChannelId":1,"DeviceId":1,"GroupId":1,"Id":14,"Name":"DT0","Address":"DT0","Mode":0,"Description":null,"DataType":2,"Resolution":0,"IsScaling":false,"AImin":0,"AImax":0,"RLmin":0,"RLmax":0,"Offset":1},{"ChannelId":1,"DeviceId":1,"GroupId":1,"Id":15,"Name":"DT1","Address":"DT1","Mode":0,"Description":null,"DataType":2,"Resolution":0,"IsScaling":false,"AImin":0,"AImax":0,"RLmin":0,"RLmax":0,"Offset":1},{"ChannelId":1,"DeviceId":1,"GroupId":1,"Id":16,"Name":"DT2","Address":"DT2","Mode":0,"Description":null,"DataType":2,"Resolution":0,"IsScaling":false,"AImin":0,"AImax":0,"RLmin":0,"RLmax":0,"Offset":1},{"ChannelId":1,"DeviceId":1,"GroupId":1,"Id":17,"Name":"DT3","Address":"DT3","Mode":0,"Description":null,"DataType":4,"Resolution":0,"IsScaling":false,"AImin":0,"AImax":0,"RLmin":0,"RLmax":0,"Offset":1},{"ChannelId":1,"DeviceId":1,"GroupId":1,"Id":18,"Name":"DDT4","Address":"DDT4","Mode":0,"Description":null,"DataType":8,"Resolution":0,"IsScaling":false,"AImin":0,"AImax":0,"RLmin":0,"RLmax":0,"Offset":1},{"ChannelId":1,"DeviceId":1,"GroupId":1,"Id":19,"Name":"DDT6","Address":"DDT6","Mode":0,"Description":null,"DataType":8,"Resolution":0,"IsScaling":false,"AImin":0,"AImax":0,"RLmin":0,"RLmax":0,"Offset":1},{"ChannelId":1,"DeviceId":1,"GroupId":1,"Id":20,"Name":"DDT8","Address":"DDT8","Mode":0,"Description":null,"DataType":7,"Resolution":0,"IsScaling":false,"AImin":0,"AImax":0,"RLmin":0,"RLmax":0,"Offset":1},{"ChannelId":1,"DeviceId":1,"GroupId":1,"Id":21,"Name":"DDT10","Address":"DDT10","Mode":0,"Description":null,"DataType":7,"Resolution":0,"IsScaling":false,"AImin":0,"AImax":0,"RLmin":0,"RLmax":0,"Offset":1},{"ChannelId":1,"DeviceId":1,"GroupId":1,"Id":22,"Name":"R0","Address":"R0","Mode":0,"Description":null,"DataType":0,"Resolution":0,"IsScaling":false,"AImin":0,"AImax":0,"RLmin":0,"RLmax":0,"Offset":1},{"ChannelId":1,"DeviceId":1,"GroupId":1,"Id":23,"Name":"R1","Address":"R1","Mode":0,"Description":null,"DataType":0,"Resolution":0,"IsScaling":false,"AImin":0,"AImax":0,"RLmin":0,"RLmax":0,"Offset":1},{"ChannelId":1,"DeviceId":1,"GroupId":1,"Id":24,"Name":"R2","Address":"R2","Mode":0,"Description":null,"DataType":0,"Resolution":0,"IsScaling":false,"AImin":0,"AImax":0,"RLmin":0,"RLmax":0,"Offset":1},{"ChannelId":1,"DeviceId":1,"GroupId":1,"Id":25,"Name":"R3","Address":"R3","Mode":0,"Description":null,"DataType":0,"Resolution":0,"IsScaling":false,"AImin":0,"AImax":0,"RLmin":0,"RLmax":0,"Offset":1},{"ChannelId":1,"DeviceId":1,"GroupId":1,"Id":26,"Name":"R4","Address":"R4","Mode":0,"Description":null,"DataType":0,"Resolution":0,"IsScaling":false,"AImin":0,"AImax":0,"RLmin":0,"RLmax":0,"Offset":1},{"ChannelId":1,"DeviceId":1,"GroupId":1,"Id":27,"Name":"R5","Address":"R5","Mode":0,"Description":null,"DataType":0,"Resolution":0,"IsScaling":false,"AImin":0,"AImax":0,"RLmin":0,"RLmax":0,"Offset":1},{"ChannelId":1,"DeviceId":1,"GroupId":1,"Id":28,"Name":"R6","Address":"R6","Mode":0,"Description":null,"DataType":0,"Resolution":0,"IsScaling":false,"AImin":0,"AImax":0,"RLmin":0,"RLmax":0,"Offset":1},{"ChannelId":1,"DeviceId":1,"GroupId":1,"Id":29,"Name":"R7","Address":"R7","Mode":0,"Description":null,"DataType":0,"Resolution":0,"IsScaling":false,"AImin":0,"AImax":0,"RLmin":0,"RLmax":0,"Offset":1},{"ChannelId":1,"DeviceId":1,"GroupId":1,"Id":30,"Name":"R8","Address":"R8","Mode":0,"Description":null,"DataType":0,"Resolution":0,"IsScaling":false,"AImin":0,"AImax":0,"RLmin":0,"RLmax":0,"Offset":1},{"ChannelId":1,"DeviceId":1,"GroupId":1,"Id":31,"Name":"R9","Address":"R9","Mode":0,"Description":null,"DataType":0,"Resolution":0,"IsScaling":false,"AImin":0,"AImax":0,"RLmin":0,"RLmax":0,"Offset":1},{"ChannelId":1,"DeviceId":1,"GroupId":1,"Id":32,"Name":"RA","Address":"RA","Mode":0,"Description":null,"DataType":0,"Resolution":0,"IsScaling":false,"AImin":0,"AImax":0,"RLmin":0,"RLmax":0,"Offset":1},{"ChannelId":1,"DeviceId":1,"GroupId":1,"Id":33,"Name":"RB","Address":"RB","Mode":0,"Description":null,"DataType":0,"Resolution":0,"IsScaling":false,"AImin":0,"AImax":0,"RLmin":0,"RLmax":0,"Offset":1},{"ChannelId":1,"DeviceId":1,"GroupId":1,"Id":34,"Name":"RC","Address":"RC","Mode":0,"Description":null,"DataType":0,"Resolution":0,"IsScaling":false,"AImin":0,"AImax":0,"RLmin":0,"RLmax":0,"Offset":1},{"ChannelId":1,"DeviceId":1,"GroupId":1,"Id":35,"Name":"RD","Address":"RD","Mode":0,"Description":null,"DataType":0,"Resolution":0,"IsScaling":false,"AImin":0,"AImax":0,"RLmin":0,"RLmax":0,"Offset":1},{"ChannelId":1,"DeviceId":1,"GroupId":1,"Id":36,"Name":"RE","Address":"RE","Mode":0,"Description":null,"DataType":0,"Resolution":0,"IsScaling":false,"AImin":0,"AImax":0,"RLmin":0,"RLmax":0,"Offset":1},{"ChannelId":1,"DeviceId":1,"GroupId":1,"Id":37,"Name":"RF","Address":"RF","Mode":0,"Description":null,"DataType":0,"Resolution":0,"IsScaling":false,"AImin":0,"AImax":0,"RLmin":0,"RLmax":0,"Offset":1},{"ChannelId":1,"DeviceId":1,"GroupId":1,"Id":38,"Name":"R10","Address":"R10","Mode":0,"Description":null,"DataType":0,"Resolution":0,"IsScaling":false,"AImin":0,"AImax":0,"RLmin":0,"RLmax":0,"Offset":1},{"ChannelId":1,"DeviceId":1,"GroupId":1,"Id":39,"Name":"R11","Address":"R11","Mode":0,"Description":null,"DataType":0,"Resolution":0,"IsScaling":false,"AImin":0,"AImax":0,"RLmin":0,"RLmax":0,"Offset":1},{"ChannelId":1,"DeviceId":1,"GroupId":1,"Id":40,"Name":"R12","Address":"R12","Mode":0,"Description":null,"DataType":0,"Resolution":0,"IsScaling":false,"AImin":0,"AImax":0,"RLmin":0,"RLmax":0,"Offset":1},{"ChannelId":1,"DeviceId":1,"GroupId":1,"Id":41,"Name":"R13","Address":"R13","Mode":0,"Description":null,"DataType":0,"Resolution":0,"IsScaling":false,"AImin":0,"AImax":0,"RLmin":0,"RLmax":0,"Offset":1},{"ChannelId":1,"DeviceId":1,"GroupId":1,"Id":42,"Name":"R14","Address":"R14","Mode":0,"Description":null,"DataType":0,"Resolution":0,"IsScaling":false,"AImin":0,"AImax":0,"RLmin":0,"RLmax":0,"Offset":1},{"ChannelId":1,"DeviceId":1,"GroupId":1,"Id":43,"Name":"R15","Address":"R15","Mode":0,"Description":null,"DataType":0,"Resolution":0,"IsScaling":false,"AImin":0,"AImax":0,"RLmin":0,"RLmax":0,"Offset":1},{"ChannelId":1,"DeviceId":1,"GroupId":1,"Id":44,"Name":"R16","Address":"R16","Mode":0,"Description":null,"DataType":0,"Resolution":0,"IsScaling":false,"AImin":0,"AImax":0,"RLmin":0,"RLmax":0,"Offset":1},{"ChannelId":1,"DeviceId":1,"GroupId":1,"Id":45,"Name":"R17","Address":"R17","Mode":0,"Description":null,"DataType":0,"Resolution":0,"IsScaling":false,"AImin":0,"AImax":0,"RLmin":0,"RLmax":0,"Offset":1},{"ChannelId":1,"DeviceId":1,"GroupId":1,"Id":46,"Name":"R18","Address":"R18","Mode":0,"Description":null,"DataType":0,"Resolution":0,"IsScaling":false,"AImin":0,"AImax":0,"RLmin":0,"RLmax":0,"Offset":1},{"ChannelId":1,"DeviceId":1,"GroupId":1,"Id":47,"Name":"R19","Address":"R19","Mode":0,"Description":null,"DataType":0,"Resolution":0,"IsScaling":false,"AImin":0,"AImax":0,"RLmin":0,"RLmax":0,"Offset":1},{"ChannelId":1,"DeviceId":1,"GroupId":1,"Id":48,"Name":"R1A","Address":"R1A","Mode":0,"Description":null,"DataType":0,"Resolution":0,"IsScaling":false,"AImin":0,"AImax":0,"RLmin":0,"RLmax":0,"Offset":1},{"ChannelId":1,"DeviceId":1,"GroupId":1,"Id":49,"Name":"R1B","Address":"R1B","Mode":0,"Description":null,"DataType":0,"Resolution":0,"IsScaling":false,"AImin":0,"AImax":0,"RLmin":0,"RLmax":0,"Offset":1},{"ChannelId":1,"DeviceId":1,"GroupId":1,"Id":50,"Name":"R1C","Address":"R1C","Mode":0,"Description":null,"DataType":0,"Resolution":0,"IsScaling":false,"AImin":0,"AImax":0,"RLmin":0,"RLmax":0,"Offset":1},{"ChannelId":1,"DeviceId":1,"GroupId":1,"Id":51,"Name":"R1D","Address":"R1D","Mode":0,"Description":null,"DataType":0,"Resolution":0,"IsScaling":false,"AImin":0,"AImax":0,"RLmin":0,"RLmax":0,"Offset":1},{"ChannelId":1,"DeviceId":1,"GroupId":1,"Id":52,"Name":"R1E","Address":"R1E","Mode":0,"Description":null,"DataType":0,"Resolution":0,"IsScaling":false,"AImin":0,"AImax":0,"RLmin":0,"RLmax":0,"Offset":1},{"ChannelId":1,"DeviceId":1,"GroupId":1,"Id":53,"Name":"R1F","Address":"R1F","Mode":0,"Description":null,"DataType":0,"Resolution":0,"IsScaling":false,"AImin":0,"AImax":0,"RLmin":0,"RLmax":0,"Offset":1},{"ChannelId":1,"DeviceId":1,"GroupId":1,"Id":54,"Name":"R20","Address":"R20","Mode":0,"Description":null,"DataType":0,"Resolution":0,"IsScaling":false,"AImin":0,"AImax":0,"RLmin":0,"RLmax":0,"Offset":1},{"ChannelId":1,"DeviceId":1,"GroupId":1,"Id":55,"Name":"R21","Address":"R21","Mode":0,"Description":null,"DataType":0,"Resolution":0,"IsScaling":false,"AImin":0,"AImax":0,"RLmin":0,"RLmax":0,"Offset":1},{"ChannelId":1,"DeviceId":1,"GroupId":1,"Id":56,"Name":"WY0","Address":"WY0","Mode":0,"Description":null,"DataType":4,"Resolution":0,"IsScaling":false,"AImin":0,"AImax":0,"RLmin":0,"RLmax":0,"Offset":1},{"ChannelId":1,"DeviceId":1,"GroupId":1,"Id":57,"Name":"R22","Address":"R22","Mode":0,"Description":null,"DataType":0,"Resolution":0,"IsScaling":false,"AImin":0,"AImax":0,"RLmin":0,"RLmax":0,"Offset":1},{"ChannelId":1,"DeviceId":1,"GroupId":1,"Id":58,"Name":"R23","Address":"R23","Mode":0,"Description":null,"DataType":0,"Resolution":0,"IsScaling":false,"AImin":0,"AImax":0,"RLmin":0,"RLmax":0,"Offset":1},{"ChannelId":1,"DeviceId":1,"GroupId":1,"Id":59,"Name":"R24","Address":"R24","Mode":0,"Description":null,"DataType":0,"Resolution":0,"IsScaling":false,"AImin":0,"AImax":0,"RLmin":0,"RLmax":0,"Offset":1},{"ChannelId":1,"DeviceId":1,"GroupId":1,"Id":60,"Name":"R25","Address":"R25","Mode":0,"Description":null,"DataType":0,"Resolution":0,"IsScaling":false,"AImin":0,"AImax":0,"RLmin":0,"RLmax":0,"Offset":1},{"ChannelId":1,"DeviceId":1,"GroupId":1,"Id":61,"Name":"R26","Address":"R26","Mode":0,"Description":null,"DataType":0,"Resolution":0,"IsScaling":false,"AImin":0,"AImax":0,"RLmin":0,"RLmax":0,"Offset":1},{"ChannelId":1,"DeviceId":1,"GroupId":1,"Id":62,"Name":"R27","Address":"R27","Mode":0,"Description":null,"DataType":0,"Resolution":0,"IsScaling":false,"AImin":0,"AImax":0,"RLmin":0,"RLmax":0,"Offset":1},{"ChannelId":1,"DeviceId":1,"GroupId":1,"Id":63,"Name":"R28","Address":"R28","Mode":0,"Description":null,"DataType":0,"Resolution":0,"IsScaling":false,"AImin":0,"AImax":0,"RLmin":0,"RLmax":0,"Offset":1},{"ChannelId":1,"DeviceId":1,"GroupId":1,"Id":64,"Name":"R29","Address":"R29","Mode":0,"Description":null,"DataType":0,"Resolution":0,"IsScaling":false,"AImin":0,"AImax":0,"RLmin":0,"RLmax":0,"Offset":1},{"ChannelId":1,"DeviceId":1,"GroupId":1,"Id":65,"Name":"R2A","Address":"R2A","Mode":0,"Description":null,"DataType":0,"Resolution":0,"IsScaling":false,"AImin":0,"AImax":0,"RLmin":0,"RLmax":0,"Offset":1},{"ChannelId":1,"DeviceId":1,"GroupId":1,"Id":66,"Name":"R2B","Address":"R2B","Mode":0,"Description":null,"DataType":0,"Resolution":0,"IsScaling":false,"AImin":0,"AImax":0,"RLmin":0,"RLmax":0,"Offset":1},{"ChannelId":1,"DeviceId":1,"GroupId":1,"Id":67,"Name":"R2C","Address":"R2C","Mode":0,"Description":null,"DataType":0,"Resolution":0,"IsScaling":false,"AImin":0,"AImax":0,"RLmin":0,"RLmax":0,"Offset":1},{"ChannelId":1,"DeviceId":1,"GroupId":1,"Id":68,"Name":"R2D","Address":"R2D","Mode":0,"Description":null,"DataType":0,"Resolution":0,"IsScaling":false,"AImin":0,"AImax":0,"RLmin":0,"RLmax":0,"Offset":1},{"ChannelId":1,"DeviceId":1,"GroupId":1,"Id":69,"Name":"R2E","Address":"R2E","Mode":0,"Description":null,"DataType":0,"Resolution":0,"IsScaling":false,"AImin":0,"AImax":0,"RLmin":0,"RLmax":0,"Offset":1},{"ChannelId":1,"DeviceId":1,"GroupId":1,"Id":70,"Name":"R2F","Address":"R2F","Mode":0,"Description":null,"DataType":0,"Resolution":0,"IsScaling":false,"AImin":0,"AImax":0,"RLmin":0,"RLmax":0,"Offset":1},{"ChannelId":1,"DeviceId":1,"GroupId":1,"Id":71,"Name":"R30","Address":"R30","Mode":0,"Description":null,"DataType":0,"Resolution":0,"IsScaling":false,"AImin":0,"AImax":0,"RLmin":0,"RLmax":0,"Offset":1},{"ChannelId":1,"DeviceId":1,"GroupId":1,"Id":72,"Name":"R31","Address":"R31","Mode":0,"Description":null,"DataType":0,"Resolution":0,"IsScaling":false,"AImin":0,"AImax":0,"RLmin":0,"RLmax":0,"Offset":1},{"ChannelId":1,"DeviceId":1,"GroupId":1,"Id":73,"Name":"R32","Address":"R32","Mode":0,"Description":null,"DataType":0,"Resolution":0,"IsScaling":false,"AImin":0,"AImax":0,"RLmin":0,"RLmax":0,"Offset":1},{"ChannelId":1,"DeviceId":1,"GroupId":1,"Id":74,"Name":"R33","Address":"R33","Mode":0,"Description":null,"DataType":0,"Resolution":0,"IsScaling":false,"AImin":0,"AImax":0,"RLmin":0,"RLmax":0,"Offset":1},{"ChannelId":1,"DeviceId":1,"GroupId":1,"Id":75,"Name":"R34","Address":"R34","Mode":0,"Description":null,"DataType":0,"Resolution":0,"IsScaling":false,"AImin":0,"AImax":0,"RLmin":0,"RLmax":0,"Offset":1},{"ChannelId":1,"DeviceId":1,"GroupId":1,"Id":76,"Name":"R35","Address":"R35","Mode":0,"Description":null,"DataType":0,"Resolution":0,"IsScaling":false,"AImin":0,"AImax":0,"RLmin":0,"RLmax":0,"Offset":1},{"ChannelId":1,"DeviceId":1,"GroupId":1,"Id":77,"Name":"R36","Address":"R36","Mode":0,"Description":null,"DataType":0,"Resolution":0,"IsScaling":false,"AImin":0,"AImax":0,"RLmin":0,"RLmax":0,"Offset":1},{"ChannelId":1,"DeviceId":1,"GroupId":1,"Id":78,"Name":"R37","Address":"R37","Mode":0,"Description":null,"DataType":0,"Resolution":0,"IsScaling":false,"AImin":0,"AImax":0,"RLmin":0,"RLmax":0,"Offset":1},{"ChannelId":1,"DeviceId":1,"GroupId":1,"Id":79,"Name":"R38","Address":"R38","Mode":0,"Description":null,"DataType":0,"Resolution":0,"IsScaling":false,"AImin":0,"AImax":0,"RLmin":0,"RLmax":0,"Offset":1},{"ChannelId":1,"DeviceId":1,"GroupId":1,"Id":80,"Name":"R39","Address":"R39","Mode":0,"Description":null,"DataType":0,"Resolution":0,"IsScaling":false,"AImin":0,"AImax":0,"RLmin":0,"RLmax":0,"Offset":1},{"ChannelId":1,"DeviceId":1,"GroupId":1,"Id":81,"Name":"R3A","Address":"R3A","Mode":0,"Description":null,"DataType":0,"Resolution":0,"IsScaling":false,"AImin":0,"AImax":0,"RLmin":0,"RLmax":0,"Offset":1},{"ChannelId":1,"DeviceId":1,"GroupId":1,"Id":82,"Name":"R3B","Address":"R3B","Mode":0,"Description":null,"DataType":0,"Resolution":0,"IsScaling":false,"AImin":0,"AImax":0,"RLmin":0,"RLmax":0,"Offset":1},{"ChannelId":1,"DeviceId":1,"GroupId":1,"Id":83,"Name":"R3C","Address":"R3C","Mode":0,"Description":null,"DataType":0,"Resolution":0,"IsScaling":false,"AImin":0,"AImax":0,"RLmin":0,"RLmax":0,"Offset":1},{"ChannelId":1,"DeviceId":1,"GroupId":1,"Id":84,"Name":"R3D","Address":"R3D","Mode":0,"Description":null,"DataType":0,"Resolution":0,"IsScaling":false,"AImin":0,"AImax":0,"RLmin":0,"RLmax":0,"Offset":1},{"ChannelId":1,"DeviceId":1,"GroupId":1,"Id":85,"Name":"R3E","Address":"R3E","Mode":0,"Description":null,"DataType":0,"Resolution":0,"IsScaling":false,"AImin":0,"AImax":0,"RLmin":0,"RLmax":0,"Offset":1},{"ChannelId":1,"DeviceId":1,"GroupId":1,"Id":86,"Name":"R3F","Address":"R3F","Mode":0,"Description":null,"DataType":0,"Resolution":0,"IsScaling":false,"AImin":0,"AImax":0,"RLmin":0,"RLmax":0,"Offset":1},{"ChannelId":1,"DeviceId":1,"GroupId":1,"Id":87,"Name":"R40","Address":"R40","Mode":0,"Description":null,"DataType":0,"Resolution":0,"IsScaling":false,"AImin":0,"AImax":0,"RLmin":0,"RLmax":0,"Offset":1},{"ChannelId":1,"DeviceId":1,"GroupId":1,"Id":88,"Name":"R41","Address":"R41","Mode":0,"Description":null,"DataType":0,"Resolution":0,"IsScaling":false,"AImin":0,"AImax":0,"RLmin":0,"RLmax":0,"Offset":1},{"ChannelId":1,"DeviceId":1,"GroupId":1,"Id":89,"Name":"WWY1","Address":"WY1","Mode":0,"Description":null,"DataType":4,"Resolution":0,"IsScaling":false,"AImin":0,"AImax":0,"RLmin":0,"RLmax":0,"Offset":1},{"ChannelId":1,"DeviceId":1,"GroupId":1,"Id":90,"Name":"WWY2","Address":"WY2","Mode":0,"Description":null,"DataType":4,"Resolution":0,"IsScaling":false,"AImin":0,"AImax":0,"RLmin":0,"RLmax":0,"Offset":1},{"ChannelId":1,"DeviceId":1,"GroupId":1,"Id":91,"Name":"WWY3","Address":"WY3","Mode":0,"Description":null,"DataType":4,"Resolution":0,"IsScaling":false,"AImin":0,"AImax":0,"RLmin":0,"RLmax":0,"Offset":1},{"ChannelId":1,"DeviceId":1,"GroupId":1,"Id":92,"Name":"WWY4","Address":"WY4","Mode":0,"Description":null,"DataType":4,"Resolution":0,"IsScaling":false,"AImin":0,"AImax":0,"RLmin":0,"RLmax":0,"Offset":1},{"ChannelId":1,"DeviceId":1,"GroupId":1,"Id":93,"Name":"WWY5","Address":"WY5","Mode":0,"Description":null,"DataType":4,"Resolution":0,"IsScaling":false,"AImin":0,"AImax":0,"RLmin":0,"RLmax":0,"Offset":1},{"ChannelId":1,"DeviceId":1,"GroupId":1,"Id":94,"Name":"WWY6","Address":"WY6","Mode":0,"Description":null,"DataType":4,"Resolution":0,"IsScaling":false,"AImin":0,"AImax":0,"RLmin":0,"RLmax":0,"Offset":1},{"ChannelId":1,"DeviceId":1,"GroupId":1,"Id":95,"Name":"WWY7","Address":"WY7","Mode":0,"Description":null,"DataType":4,"Resolution":0,"IsScaling":false,"AImin":0,"AImax":0,"RLmin":0,"RLmax":0,"Offset":1},{"ChannelId":1,"DeviceId":1,"GroupId":1,"Id":96,"Name":"WWY8","Address":"WY8","Mode":0,"Description":null,"DataType":4,"Resolution":0,"IsScaling":false,"AImin":0,"AImax":0,"RLmin":0,"RLmax":0,"Offset":1},{"ChannelId":1,"DeviceId":1,"GroupId":1,"Id":97,"Name":"WWY9","Address":"WY9","Mode":0,"Description":null,"DataType":4,"Resolution":0,"IsScaling":false,"AImin":0,"AImax":0,"RLmin":0,"RLmax":0,"Offset":1},{"ChannelId":1,"DeviceId":1,"GroupId":1,"Id":98,"Name":"WWY10","Address":"WY10","Mode":0,"Description":null,"DataType":4,"Resolution":0,"IsScaling":false,"AImin":0,"AImax":0,"RLmin":0,"RLmax":0,"Offset":1},{"ChannelId":1,"DeviceId":1,"GroupId":1,"Id":99,"Name":"WWY11","Address":"WY11","Mode":0,"Description":null,"DataType":4,"Resolution":0,"IsScaling":false,"AImin":0,"AImax":0,"RLmin":0,"RLmax":0,"Offset":1},{"ChannelId":1,"DeviceId":1,"GroupId":1,"Id":100,"Name":"WWY12","Address":"WY12","Mode":0,"Description":null,"DataType":4,"Resolution":0,"IsScaling":false,"AImin":0,"AImax":0,"RLmin":0,"RLmax":0,"Offset":1},{"ChannelId":1,"DeviceId":1,"GroupId":1,"Id":101,"Name":"WWY13","Address":"WY13","Mode":0,"Description":null,"DataType":4,"Resolution":0,"IsScaling":false,"AImin":0,"AImax":0,"RLmin":0,"RLmax":0,"Offset":1},{"ChannelId":1,"DeviceId":1,"GroupId":1,"Id":102,"Name":"L0","Address":"L0","Mode":0,"Description":null,"DataType":0,"Resolution":0,"IsScaling":false,"AImin":0,"AImax":0,"RLmin":0,"RLmax":0,"Offset":1},{"ChannelId":1,"DeviceId":1,"GroupId":1,"Id":103,"Name":"L1","Address":"L1","Mode":0,"Description":null,"DataType":0,"Resolution":0,"IsScaling":false,"AImin":0,"AImax":0,"RLmin":0,"RLmax":0,"Offset":1},{"ChannelId":1,"DeviceId":1,"GroupId":1,"Id":104,"Name":"L2","Address":"L2","Mode":0,"Description":null,"DataType":0,"Resolution":0,"IsScaling":false,"AImin":0,"AImax":0,"RLmin":0,"RLmax":0,"Offset":1},{"ChannelId":1,"DeviceId":1,"GroupId":1,"Id":105,"Name":"L3","Address":"L3","Mode":0,"Description":null,"DataType":0,"Resolution":0,"IsScaling":false,"AImin":0,"AImax":0,"RLmin":0,"RLmax":0,"Offset":1},{"ChannelId":1,"DeviceId":1,"GroupId":1,"Id":106,"Name":"L4","Address":"L4","Mode":0,"Description":null,"DataType":0,"Resolution":0,"IsScaling":false,"AImin":0,"AImax":0,"RLmin":0,"RLmax":0,"Offset":1},{"ChannelId":1,"DeviceId":1,"GroupId":1,"Id":107,"Name":"L5","Address":"L5","Mode":0,"Description":null,"DataType":0,"Resolution":0,"IsScaling":false,"AImin":0,"AImax":0,"RLmin":0,"RLmax":0,"Offset":1},{"ChannelId":1,"DeviceId":1,"GroupId":1,"Id":108,"Name":"L6","Address":"L6","Mode":0,"Description":null,"DataType":0,"Resolution":0,"IsScaling":false,"AImin":0,"AImax":0,"RLmin":0,"RLmax":0,"Offset":1},{"ChannelId":1,"DeviceId":1,"GroupId":1,"Id":109,"Name":"L7","Address":"L7","Mode":0,"Description":null,"DataType":0,"Resolution":0,"IsScaling":false,"AImin":0,"AImax":0,"RLmin":0,"RLmax":0,"Offset":1},{"ChannelId":1,"DeviceId":1,"GroupId":1,"Id":110,"Name":"L8","Address":"L8","Mode":0,"Description":null,"DataType":0,"Resolution":0,"IsScaling":false,"AImin":0,"AImax":0,"RLmin":0,"RLmax":0,"Offset":1},{"ChannelId":1,"DeviceId":1,"GroupId":1,"Id":111,"Name":"L9","Address":"L9","Mode":0,"Description":null,"DataType":0,"Resolution":0,"IsScaling":false,"AImin":0,"AImax":0,"RLmin":0,"RLmax":0,"Offset":1},{"ChannelId":1,"DeviceId":1,"GroupId":1,"Id":112,"Name":"LA","Address":"LA","Mode":0,"Description":null,"DataType":0,"Resolution":0,"IsScaling":false,"AImin":0,"AImax":0,"RLmin":0,"RLmax":0,"Offset":1},{"ChannelId":1,"DeviceId":1,"GroupId":1,"Id":113,"Name":"LB","Address":"LB","Mode":0,"Description":null,"DataType":0,"Resolution":0,"IsScaling":false,"AImin":0,"AImax":0,"RLmin":0,"RLmax":0,"Offset":1},{"ChannelId":1,"DeviceId":1,"GroupId":1,"Id":114,"Name":"LC","Address":"LC","Mode":0,"Description":null,"DataType":0,"Resolution":0,"IsScaling":false,"AImin":0,"AImax":0,"RLmin":0,"RLmax":0,"Offset":1},{"ChannelId":1,"DeviceId":1,"GroupId":1,"Id":115,"Name":"LD","Address":"LD","Mode":0,"Description":null,"DataType":0,"Resolution":0,"IsScaling":false,"AImin":0,"AImax":0,"RLmin":0,"RLmax":0,"Offset":1},{"ChannelId":1,"DeviceId":1,"GroupId":1,"Id":116,"Name":"LE","Address":"LE","Mode":0,"Description":null,"DataType":0,"Resolution":0,"IsScaling":false,"AImin":0,"AImax":0,"RLmin":0,"RLmax":0,"Offset":1},{"ChannelId":1,"DeviceId":1,"GroupId":1,"Id":117,"Name":"LF","Address":"LF","Mode":0,"Description":null,"DataType":0,"Resolution":0,"IsScaling":false,"AImin":0,"AImax":0,"RLmin":0,"RLmax":0,"Offset":1},{"ChannelId":1,"DeviceId":1,"GroupId":1,"Id":118,"Name":"L10","Address":"L10","Mode":0,"Description":null,"DataType":0,"Resolution":0,"IsScaling":false,"AImin":0,"AImax":0,"RLmin":0,"RLmax":0,"Offset":1},{"ChannelId":1,"DeviceId":1,"GroupId":1,"Id":119,"Name":"L11","Address":"L11","Mode":0,"Description":null,"DataType":0,"Resolution":0,"IsScaling":false,"AImin":0,"AImax":0,"RLmin":0,"RLmax":0,"Offset":1},{"ChannelId":1,"DeviceId":1,"GroupId":1,"Id":120,"Name":"L12","Address":"L12","Mode":0,"Description":null,"DataType":0,"Resolution":0,"IsScaling":false,"AImin":0,"AImax":0,"RLmin":0,"RLmax":0,"Offset":1},{"ChannelId":1,"DeviceId":1,"GroupId":1,"Id":121,"Name":"L13","Address":"L13","Mode":0,"Description":null,"DataType":0,"Resolution":0,"IsScaling":false,"AImin":0,"AImax":0,"RLmin":0,"RLmax":0,"Offset":1}]}],"Adapter":null,"DeviceType":0,"Active":true,"AutoReconnect":true}]}]}