{"Copyright":"Industrial Networks","Developer":"Hoang Van Luu","Phone":"(\u002B84) 0909-886-483","Email":"hoangluu.automation@gmail.com","Youtube":"https://www.youtube.com/industrialnetworks","Channels":[{"Id":1,"Name":"CH1","Description":null,"ConnectionType":1,"Manufacturer":5,"Protocol":4,"Adapter":{"PortName":"COM1","BaudRate":115200,"DataBits":8,"Parity":0,"StopBits":1,"Handshake":0,"SendTimeout":500,"ReceiveTimeout":500,"WaitingTime":0,"Connected":false,"ErrorMessage":"Lost connection to device."},"Devices":[{"ChannelId":1,"Id":1,"Name":"XBM-DN32S","StationNo":2,"Description":null,"BlockSize":60,"ByteOrder":3,"Groups":[{"ChannelId":1,"DeviceId":1,"Id":1,"Name":"DATA","Description":null,"Tags":[{"ChannelId":1,"DeviceId":1,"GroupId":1,"Id":1,"Name":"D0","Address":"D0","Mode":0,"Description":null,"DataType":9,"Resolution":0,"IsScaling":false,"AImin":0,"AImax":0,"RLmin":0,"RLmax":0,"Offset":1},{"ChannelId":1,"DeviceId":1,"GroupId":1,"Id":2,"Name":"D4","Address":"D4","Mode":0,"Description":null,"DataType":9,"Resolution":0,"IsScaling":false,"AImin":0,"AImax":0,"RLmin":0,"RLmax":0,"Offset":1},{"ChannelId":1,"DeviceId":1,"GroupId":1,"Id":3,"Name":"D8","Address":"D8","Mode":0,"Description":null,"DataType":9,"Resolution":0,"IsScaling":false,"AImin":0,"AImax":0,"RLmin":0,"RLmax":0,"Offset":1},{"ChannelId":1,"DeviceId":1,"GroupId":1,"Id":4,"Name":"D12","Address":"D12","Mode":0,"Description":null,"DataType":9,"Resolution":0,"IsScaling":false,"AImin":0,"AImax":0,"RLmin":0,"RLmax":0,"Offset":1},{"ChannelId":1,"DeviceId":1,"GroupId":1,"Id":5,"Name":"D16","Address":"D16","Mode":0,"Description":null,"DataType":9,"Resolution":0,"IsScaling":false,"AImin":0,"AImax":0,"RLmin":0,"RLmax":0,"Offset":1},{"ChannelId":1,"DeviceId":1,"GroupId":1,"Id":6,"Name":"D20","Address":"D20","Mode":0,"Description":null,"DataType":9,"Resolution":0,"IsScaling":false,"AImin":0,"AImax":0,"RLmin":0,"RLmax":0,"Offset":1},{"ChannelId":1,"DeviceId":1,"GroupId":1,"Id":7,"Name":"D24","Address":"D24","Mode":0,"Description":null,"DataType":9,"Resolution":0,"IsScaling":false,"AImin":0,"AImax":0,"RLmin":0,"RLmax":0,"Offset":1},{"ChannelId":1,"DeviceId":1,"GroupId":1,"Id":8,"Name":"D28","Address":"D28","Mode":0,"Description":null,"DataType":9,"Resolution":0,"IsScaling":false,"AImin":0,"AImax":0,"RLmin":0,"RLmax":0,"Offset":1},{"ChannelId":1,"DeviceId":1,"GroupId":1,"Id":9,"Name":"D32","Address":"D32","Mode":0,"Description":null,"DataType":9,"Resolution":0,"IsScaling":false,"AImin":0,"AImax":0,"RLmin":0,"RLmax":0,"Offset":1},{"ChannelId":1,"DeviceId":1,"GroupId":1,"Id":10,"Name":"D36","Address":"D36","Mode":0,"Description":null,"DataType":9,"Resolution":0,"IsScaling":false,"AImin":0,"AImax":0,"RLmin":0,"RLmax":0,"Offset":1},{"ChannelId":1,"DeviceId":1,"GroupId":1,"Id":11,"Name":"D40","Address":"D40","Mode":0,"Description":null,"DataType":9,"Resolution":0,"IsScaling":false,"AImin":0,"AImax":0,"RLmin":0,"RLmax":0,"Offset":1},{"ChannelId":1,"DeviceId":1,"GroupId":1,"Id":12,"Name":"D44","Address":"D44","Mode":0,"Description":null,"DataType":9,"Resolution":0,"IsScaling":false,"AImin":0,"AImax":0,"RLmin":0,"RLmax":0,"Offset":1},{"ChannelId":1,"DeviceId":1,"GroupId":1,"Id":13,"Name":"D48","Address":"D48","Mode":0,"Description":null,"DataType":9,"Resolution":0,"IsScaling":false,"AImin":0,"AImax":0,"RLmin":0,"RLmax":0,"Offset":1}]}],"Adapter":null,"DeviceType":0,"Active":true,"AutoReconnect":true}]}]}