<?xml version="1.0" encoding="utf-8"?>
<IndustrialProtocol xmlns:xsi="http://www.w3.org/2001/XMLSchema-instance" xmlns:xsd="http://www.w3.org/2001/XMLSchema">
  <Copyright>Industrial Networks</Copyright>
  <Developer>Hoang Van Luu</Developer>
  <Phone>(+84) 0909-886-483</Phone>
  <Email>hoangluu.automation@gmail.com</Email>
  <Youtube>https://www.youtube.com/industrialnetworks</Youtube>
  <Channels>
    <Channel>
      <Id>2</Id>
      <Name>CH-01</Name>
      <ReceiveDelay>0</ReceiveDelay>
      <ConnectionType>Ethernet</ConnectionType>
      <Manufacturer>IPC</Manufacturer>
      <Protocol>MODBUS_TCP</Protocol>
      <NetworkAdapeter xsi:type="EthernetAdapter">
        <IPAddress>127.0.0.1</IPAddress>
        <Port>502</Port>
        <SendTimeout>500</SendTimeout>
        <ReceiveTimeout>500</ReceiveTimeout>
      </NetworkAdapeter>
      <Devices>
        <Device>
          <ChannelId>2</ChannelId>
          <Id>1</Id>
          <Name>PLC1</Name>
          <StationNo>1</StationNo>
          <BlockSize>100</BlockSize>
          <ByteOrder>BigEndian</ByteOrder>
          <Groups>
            <Group>
              <ChannelId>2</ChannelId>
              <DeviceId>1</DeviceId>
              <Id>1</Id>
              <Name>GPDATA</Name>
              <Tags>
                <Tag>
                  <ChannelId>2</ChannelId>
                  <DeviceId>1</DeviceId>
                  <GroupId>1</GroupId>
                  <Id>1</Id>
                  <Name>40001</Name>
                  <Address>40001</Address>
                  <Mode>ReadWrite</Mode>
                  <IsScaling>false</IsScaling>
                  <AImin>0</AImin>
                  <AImax>0</AImax>
                  <RLmin>0</RLmin>
                  <RLmax>0</RLmax>
                  <Offset>1</Offset>
                  <Resolution>0</Resolution>
                  <DataType>INT</DataType>
                </Tag>
                <Tag>
                  <ChannelId>2</ChannelId>
                  <DeviceId>1</DeviceId>
                  <GroupId>1</GroupId>
                  <Id>2</Id>
                  <Name>40002</Name>
                  <Address>40002</Address>
                  <Mode>ReadWrite</Mode>
                  <IsScaling>false</IsScaling>
                  <AImin>0</AImin>
                  <AImax>0</AImax>
                  <RLmin>0</RLmin>
                  <RLmax>0</RLmax>
                  <Offset>1</Offset>
                  <Resolution>0</Resolution>
                  <DataType>INT</DataType>
                </Tag>
                <Tag>
                  <ChannelId>2</ChannelId>
                  <DeviceId>1</DeviceId>
                  <GroupId>1</GroupId>
                  <Id>3</Id>
                  <Name>40003</Name>
                  <Address>40003</Address>
                  <Mode>ReadWrite</Mode>
                  <IsScaling>false</IsScaling>
                  <AImin>0</AImin>
                  <AImax>0</AImax>
                  <RLmin>0</RLmin>
                  <RLmax>0</RLmax>
                  <Offset>1</Offset>
                  <Resolution>0</Resolution>
                  <DataType>INT</DataType>
                </Tag>
                <Tag>
                  <ChannelId>2</ChannelId>
                  <DeviceId>1</DeviceId>
                  <GroupId>1</GroupId>
                  <Id>4</Id>
                  <Name>40004</Name>
                  <Address>40004</Address>
                  <Mode>ReadWrite</Mode>
                  <IsScaling>false</IsScaling>
                  <AImin>0</AImin>
                  <AImax>0</AImax>
                  <RLmin>0</RLmin>
                  <RLmax>0</RLmax>
                  <Offset>1</Offset>
                  <Resolution>0</Resolution>
                  <DataType>INT</DataType>
                </Tag>
                <Tag>
                  <ChannelId>2</ChannelId>
                  <DeviceId>1</DeviceId>
                  <GroupId>1</GroupId>
                  <Id>5</Id>
                  <Name>40005</Name>
                  <Address>40005</Address>
                  <Mode>ReadWrite</Mode>
                  <IsScaling>false</IsScaling>
                  <AImin>0</AImin>
                  <AImax>0</AImax>
                  <RLmin>0</RLmin>
                  <RLmax>0</RLmax>
                  <Offset>1</Offset>
                  <Resolution>0</Resolution>
                  <DataType>INT</DataType>
                </Tag>
                <Tag>
                  <ChannelId>2</ChannelId>
                  <DeviceId>1</DeviceId>
                  <GroupId>1</GroupId>
                  <Id>6</Id>
                  <Name>40006</Name>
                  <Address>40006</Address>
                  <Mode>ReadWrite</Mode>
                  <IsScaling>false</IsScaling>
                  <AImin>0</AImin>
                  <AImax>0</AImax>
                  <RLmin>0</RLmin>
                  <RLmax>0</RLmax>
                  <Offset>1</Offset>
                  <Resolution>0</Resolution>
                  <DataType>INT</DataType>
                </Tag>
                <Tag>
                  <ChannelId>2</ChannelId>
                  <DeviceId>1</DeviceId>
                  <GroupId>1</GroupId>
                  <Id>7</Id>
                  <Name>40007</Name>
                  <Address>40007</Address>
                  <Mode>ReadWrite</Mode>
                  <IsScaling>false</IsScaling>
                  <AImin>0</AImin>
                  <AImax>0</AImax>
                  <RLmin>0</RLmin>
                  <RLmax>0</RLmax>
                  <Offset>1</Offset>
                  <Resolution>0</Resolution>
                  <DataType>INT</DataType>
                </Tag>
                <Tag>
                  <ChannelId>2</ChannelId>
                  <DeviceId>1</DeviceId>
                  <GroupId>1</GroupId>
                  <Id>8</Id>
                  <Name>40008</Name>
                  <Address>40008</Address>
                  <Mode>ReadWrite</Mode>
                  <IsScaling>false</IsScaling>
                  <AImin>0</AImin>
                  <AImax>0</AImax>
                  <RLmin>0</RLmin>
                  <RLmax>0</RLmax>
                  <Offset>1</Offset>
                  <Resolution>0</Resolution>
                  <DataType>INT</DataType>
                </Tag>
                <Tag>
                  <ChannelId>2</ChannelId>
                  <DeviceId>1</DeviceId>
                  <GroupId>1</GroupId>
                  <Id>9</Id>
                  <Name>40009</Name>
                  <Address>40009</Address>
                  <Mode>ReadWrite</Mode>
                  <IsScaling>false</IsScaling>
                  <AImin>0</AImin>
                  <AImax>0</AImax>
                  <RLmin>0</RLmin>
                  <RLmax>0</RLmax>
                  <Offset>1</Offset>
                  <Resolution>0</Resolution>
                  <DataType>INT</DataType>
                </Tag>
                <Tag>
                  <ChannelId>2</ChannelId>
                  <DeviceId>1</DeviceId>
                  <GroupId>1</GroupId>
                  <Id>10</Id>
                  <Name>40010</Name>
                  <Address>40010</Address>
                  <Mode>ReadWrite</Mode>
                  <IsScaling>false</IsScaling>
                  <AImin>0</AImin>
                  <AImax>0</AImax>
                  <RLmin>0</RLmin>
                  <RLmax>0</RLmax>
                  <Offset>1</Offset>
                  <Resolution>0</Resolution>
                  <DataType>INT</DataType>
                </Tag>
                <Tag>
                  <ChannelId>2</ChannelId>
                  <DeviceId>1</DeviceId>
                  <GroupId>1</GroupId>
                  <Id>11</Id>
                  <Name>40011</Name>
                  <Address>40011</Address>
                  <Mode>ReadWrite</Mode>
                  <IsScaling>false</IsScaling>
                  <AImin>0</AImin>
                  <AImax>0</AImax>
                  <RLmin>0</RLmin>
                  <RLmax>0</RLmax>
                  <Offset>1</Offset>
                  <Resolution>0</Resolution>
                  <DataType>INT</DataType>
                </Tag>
                <Tag>
                  <ChannelId>2</ChannelId>
                  <DeviceId>1</DeviceId>
                  <GroupId>1</GroupId>
                  <Id>12</Id>
                  <Name>40012</Name>
                  <Address>40012</Address>
                  <Mode>ReadWrite</Mode>
                  <IsScaling>false</IsScaling>
                  <AImin>0</AImin>
                  <AImax>0</AImax>
                  <RLmin>0</RLmin>
                  <RLmax>0</RLmax>
                  <Offset>1</Offset>
                  <Resolution>0</Resolution>
                  <DataType>INT</DataType>
                </Tag>
                <Tag>
                  <ChannelId>2</ChannelId>
                  <DeviceId>1</DeviceId>
                  <GroupId>1</GroupId>
                  <Id>13</Id>
                  <Name>40013</Name>
                  <Address>40013</Address>
                  <Mode>ReadWrite</Mode>
                  <IsScaling>false</IsScaling>
                  <AImin>0</AImin>
                  <AImax>0</AImax>
                  <RLmin>0</RLmin>
                  <RLmax>0</RLmax>
                  <Offset>1</Offset>
                  <Resolution>0</Resolution>
                  <DataType>INT</DataType>
                </Tag>
                <Tag>
                  <ChannelId>2</ChannelId>
                  <DeviceId>1</DeviceId>
                  <GroupId>1</GroupId>
                  <Id>14</Id>
                  <Name>40014</Name>
                  <Address>40014</Address>
                  <Mode>ReadWrite</Mode>
                  <IsScaling>false</IsScaling>
                  <AImin>0</AImin>
                  <AImax>0</AImax>
                  <RLmin>0</RLmin>
                  <RLmax>0</RLmax>
                  <Offset>1</Offset>
                  <Resolution>0</Resolution>
                  <DataType>INT</DataType>
                </Tag>
                <Tag>
                  <ChannelId>2</ChannelId>
                  <DeviceId>1</DeviceId>
                  <GroupId>1</GroupId>
                  <Id>15</Id>
                  <Name>40015</Name>
                  <Address>40015</Address>
                  <Mode>ReadWrite</Mode>
                  <IsScaling>false</IsScaling>
                  <AImin>0</AImin>
                  <AImax>0</AImax>
                  <RLmin>0</RLmin>
                  <RLmax>0</RLmax>
                  <Offset>1</Offset>
                  <Resolution>0</Resolution>
                  <DataType>INT</DataType>
                </Tag>
              </Tags>
            </Group>
          </Groups>
          <Active>true</Active>
          <AutoReconnect>true</AutoReconnect>
        </Device>
      </Devices>
    </Channel>
    <Channel>
      <Id>3</Id>
      <Name>CH-02</Name>
      <ReceiveDelay>0</ReceiveDelay>
      <ConnectionType>Serial</ConnectionType>
      <Manufacturer>IPC</Manufacturer>
      <Protocol>MODBUS_RTU</Protocol>
      <NetworkAdapeter xsi:type="SerialAdapter">
        <PortName>COM1</PortName>
        <BaudRate>115200</BaudRate>
        <DataBits>8</DataBits>
        <Parity>None</Parity>
        <StopBits>One</StopBits>
        <Handshake>None</Handshake>
        <SendTimeout>100</SendTimeout>
        <ReceiveTimeout>100</ReceiveTimeout>
      </NetworkAdapeter>
      <Devices />
    </Channel>
  </Channels>
</IndustrialProtocol>